iso3,year,louvain_community,leiden_community,gn_community,dominant_region,community_label
PAK,1990,0,6,0,Western Asia,Cluster 0: Western Asia
AFG,1990,0,6,0,Western Asia,Cluster 0: Western Asia
TJK,1990,1,5,1,Latin America,Cluster 1: Latin America
UZB,1990,1,5,1,Latin America,Cluster 1: Latin America
COD,1990,4,8,2,Sub-Saharan Africa,Cluster 4: Sub-Saharan Africa
AGO,1990,4,8,2,Sub-Saharan Africa,Cluster 4: Sub-Saharan Africa
COG,1990,4,3,3,Sub-Saharan Africa,Cluster 4: Sub-Saharan Africa
CPV,1990,4,8,4,Sub-Saharan Africa,Cluster 4: Sub-Saharan Africa
GIN,1990,4,3,5,Sub-Saharan Africa,Cluster 4: Sub-Saharan Africa
MOZ,1990,5,0,6,South Asia,Cluster 5: South Asia
NAM,1990,5,0,7,South Asia,Cluster 5: South Asia
PRT,1990,3,4,8,Sub-Saharan Africa,Cluster 3: Sub-Saharan Africa
RWA,1990,5,0,9,South Asia,Cluster 5: South Asia
STP,1990,4,8,10,Sub-Saharan Africa,Cluster 4: Sub-Saharan Africa
TCD,1990,4,3,11,Sub-Saharan Africa,Cluster 4: Sub-Saharan Africa
ZAF,1990,5,0,0,South Asia,Cluster 5: South Asia
ZMB,1990,5,0,12,South Asia,Cluster 5: South Asia
CAN,1990,5,0,0,South Asia,Cluster 5: South Asia
ALB,1990,5,0,13,South Asia,Cluster 5: South Asia
GRC,1990,5,0,0,South Asia,Cluster 5: South Asia
ITA,1990,3,2,0,Sub-Saharan Africa,Cluster 3: Sub-Saharan Africa
MKD,1990,3,2,14,Sub-Saharan Africa,Cluster 3: Sub-Saharan Africa
TUR,1990,2,2,0,Western Asia,Cluster 2: Western Asia
USA,1990,7,1,0,Eastern Europe,Cluster 7: Eastern Europe
ARG,1990,3,4,0,Sub-Saharan Africa,Cluster 3: Sub-Saharan Africa
AND,1990,3,4,15,Sub-Saharan Africa,Cluster 3: Sub-Saharan Africa
AUS,1990,5,0,0,South Asia,Cluster 5: South Asia
BEL,1990,3,4,0,Sub-Saharan Africa,Cluster 3: Sub-Saharan Africa
CHE,1990,3,2,0,Sub-Saharan Africa,Cluster 3: Sub-Saharan Africa
CHL,1990,3,4,0,Sub-Saharan Africa,Cluster 3: Sub-Saharan Africa
DEU,1990,7,2,0,Eastern Europe,Cluster 7: Eastern Europe
DNK,1990,2,2,16,Western Asia,Cluster 2: Western Asia
ESP,1990,3,4,0,Sub-Saharan Africa,Cluster 3: Sub-Saharan Africa
FRA,1990,3,4,0,Sub-Saharan Africa,Cluster 3: Sub-Saharan Africa
GBR,1990,5,0,0,South Asia,Cluster 5: South Asia
MAR,1990,3,4,0,Sub-Saharan Africa,Cluster 3: Sub-Saharan Africa
NLD,1990,5,0,0,South Asia,Cluster 5: South Asia
PHL,1990,7,1,0,Eastern Europe,Cluster 7: Eastern Europe
SWE,1990,2,2,17,Western Asia,Cluster 2: Western Asia
URY,1990,3,4,0,Sub-Saharan Africa,Cluster 3: Sub-Saharan Africa
ARE,1990,0,6,0,Western Asia,Cluster 0: Western Asia
BGD,1990,7,1,0,Eastern Europe,Cluster 7: Eastern Europe
BHR,1990,0,6,18,Western Asia,Cluster 0: Western Asia
EGY,1990,0,6,0,Western Asia,Cluster 0: Western Asia
ERI,1990,3,2,19,Sub-Saharan Africa,Cluster 3: Sub-Saharan Africa
ETH,1990,6,7,20,Unknown,Cluster 6: Unknown
IDN,1990,5,0,0,South Asia,Cluster 5: South Asia
IND,1990,0,6,0,Western Asia,Cluster 0: Western Asia
JOR,1990,6,7,0,Unknown,Cluster 6: Unknown
KWT,1990,0,6,21,Western Asia,Cluster 0: Western Asia
LBN,1990,6,7,0,Unknown,Cluster 6: Unknown
LKA,1990,0,6,0,Western Asia,Cluster 0: Western Asia
NGA,1990,4,3,22,Sub-Saharan Africa,Cluster 4: Sub-Saharan Africa
NPL,1990,0,6,0,Western Asia,Cluster 0: Western Asia
PSE,1990,6,7,0,Unknown,Cluster 6: Unknown
QAT,1990,5,0,23,South Asia,Cluster 5: South Asia
SAU,1990,6,1,0,Unknown,Cluster 6: Unknown
SOM,1990,6,7,20,Unknown,Cluster 6: Unknown
SYR,1990,6,7,24,Unknown,Cluster 6: Unknown
THA,1990,7,1,0,Eastern Europe,Cluster 7: Eastern Europe
TUN,1990,3,4,0,Sub-Saharan Africa,Cluster 3: Sub-Saharan Africa
YEM,1990,6,1,0,Unknown,Cluster 6: Unknown
ARM,1990,1,5,1,Latin America,Cluster 1: Latin America
AUT,1990,3,2,0,Sub-Saharan Africa,Cluster 3: Sub-Saharan Africa
BGR,1990,2,2,0,Western Asia,Cluster 2: Western Asia
BOL,1990,3,4,0,Sub-Saharan Africa,Cluster 3: Sub-Saharan Africa
BRA,1990,3,4,0,Sub-Saharan Africa,Cluster 3: Sub-Saharan Africa
CHN,1990,7,1,0,Eastern Europe,Cluster 7: Eastern Europe
COL,1990,7,1,0,Eastern Europe,Cluster 7: Eastern Europe
CRI,1990,7,1,0,Eastern Europe,Cluster 7: Eastern Europe
CUB,1990,7,1,0,Eastern Europe,Cluster 7: Eastern Europe
CYP,1990,5,0,25,South Asia,Cluster 5: South Asia
CZE,1990,7,2,0,Eastern Europe,Cluster 7: Eastern Europe
DOM,1990,7,1,0,Eastern Europe,Cluster 7: Eastern Europe
DZA,1990,3,4,0,Sub-Saharan Africa,Cluster 3: Sub-Saharan Africa
ECU,1990,7,1,0,Eastern Europe,Cluster 7: Eastern Europe
EST,1990,1,5,1,Latin America,Cluster 1: Latin America
GTM,1990,7,1,0,Eastern Europe,Cluster 7: Eastern Europe
HND,1990,7,1,0,Eastern Europe,Cluster 7: Eastern Europe
HRV,1990,3,2,0,Sub-Saharan Africa,Cluster 3: Sub-Saharan Africa
HTI,1990,7,1,0,Eastern Europe,Cluster 7: Eastern Europe
HUN,1990,3,2,0,Sub-Saharan Africa,Cluster 3: Sub-Saharan Africa
IRL,1990,5,0,0,South Asia,Cluster 5: South Asia
IRN,1990,0,6,0,Western Asia,Cluster 0: Western Asia
ISR,1990,3,5,0,Sub-Saharan Africa,Cluster 3: Sub-Saharan Africa
JPN,1990,7,1,0,Eastern Europe,Cluster 7: Eastern Europe
KOR,1990,7,1,0,Eastern Europe,Cluster 7: Eastern Europe
LAO,1990,7,1,0,Eastern Europe,Cluster 7: Eastern Europe
LTU,1990,1,5,1,Latin America,Cluster 1: Latin America
MEX,1990,7,1,0,Eastern Europe,Cluster 7: Eastern Europe
MNE,1990,3,2,26,Sub-Saharan Africa,Cluster 3: Sub-Saharan Africa
NIC,1990,7,1,0,Eastern Europe,Cluster 7: Eastern Europe
NOR,1990,2,2,27,Western Asia,Cluster 2: Western Asia
NZL,1990,5,0,0,South Asia,Cluster 5: South Asia
PAN,1990,7,1,0,Eastern Europe,Cluster 7: Eastern Europe
PER,1990,7,1,0,Eastern Europe,Cluster 7: Eastern Europe
POL,1990,7,2,0,Eastern Europe,Cluster 7: Eastern Europe
PRK,1990,7,1,28,Eastern Europe,Cluster 7: Eastern Europe
PRY,1990,3,4,0,Sub-Saharan Africa,Cluster 3: Sub-Saharan Africa
ROU,1990,3,2,0,Sub-Saharan Africa,Cluster 3: Sub-Saharan Africa
RUS,1990,1,5,1,Latin America,Cluster 1: Latin America
SEN,1990,4,3,29,Sub-Saharan Africa,Cluster 4: Sub-Saharan Africa
SLV,1990,7,1,0,Eastern Europe,Cluster 7: Eastern Europe
SRB,1990,3,2,0,Sub-Saharan Africa,Cluster 3: Sub-Saharan Africa
SVK,1990,7,2,0,Eastern Europe,Cluster 7: Eastern Europe
SVN,1990,3,2,30,Sub-Saharan Africa,Cluster 3: Sub-Saharan Africa
UKR,1990,1,5,1,Latin America,Cluster 1: Latin America
AZE,1990,1,5,1,Latin America,Cluster 1: Latin America
GEO,1990,1,5,1,Latin America,Cluster 1: Latin America
KAZ,1990,1,5,1,Latin America,Cluster 1: Latin America
TKM,1990,1,5,1,Latin America,Cluster 1: Latin America
ASM,1990,5,0,31,South Asia,Cluster 5: South Asia
FJI,1990,5,0,32,South Asia,Cluster 5: South Asia
TON,1990,5,0,33,South Asia,Cluster 5: South Asia
WSM,1990,5,0,34,South Asia,Cluster 5: South Asia
ATG,1990,5,0,35,South Asia,Cluster 5: South Asia
BHS,1990,7,1,36,Eastern Europe,Cluster 7: Eastern Europe
BLZ,1990,7,1,37,Eastern Europe,Cluster 7: Eastern Europe
BRB,1990,5,0,38,South Asia,Cluster 5: South Asia
DMA,1990,5,0,39,South Asia,Cluster 5: South Asia
GHA,1990,4,3,40,Sub-Saharan Africa,Cluster 4: Sub-Saharan Africa
GRD,1990,5,0,41,South Asia,Cluster 5: South Asia
GUY,1990,7,1,0,Eastern Europe,Cluster 7: Eastern Europe
JAM,1990,7,1,0,Eastern Europe,Cluster 7: Eastern Europe
KNA,1990,5,0,42,South Asia,Cluster 5: South Asia
LCA,1990,5,0,43,South Asia,Cluster 5: South Asia
SUR,1990,5,0,0,South Asia,Cluster 5: South Asia
TTO,1990,7,1,0,Eastern Europe,Cluster 7: Eastern Europe
VCT,1990,5,0,44,South Asia,Cluster 5: South Asia
BDI,1990,5,0,45,South Asia,Cluster 5: South Asia
BEN,1990,4,3,22,Sub-Saharan Africa,Cluster 4: Sub-Saharan Africa
BFA,1990,4,3,46,Sub-Saharan Africa,Cluster 4: Sub-Saharan Africa
BIH,1990,3,2,0,Sub-Saharan Africa,Cluster 3: Sub-Saharan Africa
BLR,1990,1,5,1,Latin America,Cluster 1: Latin America
BRN,1990,7,1,47,Eastern Europe,Cluster 7: Eastern Europe
BTN,1990,0,6,48,Western Asia,Cluster 0: Western Asia
BWA,1990,5,0,49,South Asia,Cluster 5: South Asia
CAF,1990,4,3,50,Sub-Saharan Africa,Cluster 4: Sub-Saharan Africa
CMR,1990,4,3,51,Sub-Saharan Africa,Cluster 4: Sub-Saharan Africa
DJI,1990,6,7,20,Unknown,Cluster 6: Unknown
FIN,1990,2,2,17,Western Asia,Cluster 2: Western Asia
GAB,1990,4,3,52,Sub-Saharan Africa,Cluster 4: Sub-Saharan Africa
GMB,1990,4,3,53,Sub-Saharan Africa,Cluster 4: Sub-Saharan Africa
IRQ,1990,0,6,0,Western Asia,Cluster 0: Western Asia
KEN,1990,5,0,0,South Asia,Cluster 5: South Asia
KGZ,1990,1,5,1,Latin America,Cluster 1: Latin America
KHM,1990,7,1,0,Eastern Europe,Cluster 7: Eastern Europe
KIR,1990,5,0,54,South Asia,Cluster 5: South Asia
LBR,1990,4,3,5,Sub-Saharan Africa,Cluster 4: Sub-Saharan Africa
LBY,1990,6,7,0,Unknown,Cluster 6: Unknown
LSO,1990,5,0,55,South Asia,Cluster 5: South Asia
LUX,1990,3,4,56,Sub-Saharan Africa,Cluster 3: Sub-Saharan Africa
LVA,1990,1,5,1,Latin America,Cluster 1: Latin America
MDA,1990,1,5,1,Latin America,Cluster 1: Latin America
MDG,1990,3,4,57,Sub-Saharan Africa,Cluster 3: Sub-Saharan Africa
MDV,1990,7,1,58,Eastern Europe,Cluster 7: Eastern Europe
MLT,1990,5,0,59,South Asia,Cluster 5: South Asia
MNG,1990,1,5,60,Latin America,Cluster 1: Latin America
MUS,1990,3,4,61,Sub-Saharan Africa,Cluster 3: Sub-Saharan Africa
MWI,1990,5,0,62,South Asia,Cluster 5: South Asia
MYS,1990,7,1,0,Eastern Europe,Cluster 7: Eastern Europe
OMN,1990,0,6,63,Western Asia,Cluster 0: Western Asia
PNG,1990,5,0,64,South Asia,Cluster 5: South Asia
SLB,1990,5,0,65,South Asia,Cluster 5: South Asia
SLE,1990,4,3,66,Sub-Saharan Africa,Cluster 4: Sub-Saharan Africa
SWZ,1990,5,0,67,South Asia,Cluster 5: South Asia
TGO,1990,4,3,68,Sub-Saharan Africa,Cluster 4: Sub-Saharan Africa
TZA,1990,5,0,69,South Asia,Cluster 5: South Asia
UGA,1990,5,0,0,South Asia,Cluster 5: South Asia
VNM,1990,7,1,0,Eastern Europe,Cluster 7: Eastern Europe
VUT,1990,5,0,70,South Asia,Cluster 5: South Asia
ZWE,1990,5,0,0,South Asia,Cluster 5: South Asia
MRT,1990,4,3,29,Sub-Saharan Africa,Cluster 4: Sub-Saharan Africa
NER,1990,4,3,71,Sub-Saharan Africa,Cluster 4: Sub-Saharan Africa
MLI,1990,4,3,72,Sub-Saharan Africa,Cluster 4: Sub-Saharan Africa
GNQ,1990,4,3,73,Sub-Saharan Africa,Cluster 4: Sub-Saharan Africa
COM,1990,3,4,74,Sub-Saharan Africa,Cluster 3: Sub-Saharan Africa
TLS,1990,5,0,75,South Asia,Cluster 5: South Asia
FSM,1990,7,1,76,Eastern Europe,Cluster 7: Eastern Europe
MHL,1990,7,1,77,Eastern Europe,Cluster 7: Eastern Europe
PLW,1990,7,1,78,Eastern Europe,Cluster 7: Eastern Europe
PAK,1995,0,6,0,Western Asia,Cluster 0: Western Asia
AFG,1995,0,6,0,Western Asia,Cluster 0: Western Asia
TJK,1995,2,5,0,Western Asia,Cluster 2: Western Asia
UZB,1995,2,5,0,Western Asia,Cluster 2: Western Asia
COD,1995,5,7,1,South Asia,Cluster 5: South Asia
AGO,1995,5,7,1,South Asia,Cluster 5: South Asia
COG,1995,5,7,2,South Asia,Cluster 5: South Asia
CPV,1995,1,3,3,Latin America,Cluster 1: Latin America
GIN,1995,6,4,4,Unknown,Cluster 6: Unknown
MOZ,1995,3,0,5,Sub-Saharan Africa,Cluster 3: Sub-Saharan Africa
NAM,1995,3,0,6,Sub-Saharan Africa,Cluster 3: Sub-Saharan Africa
PRT,1995,1,3,0,Latin America,Cluster 1: Latin America
RWA,1995,5,7,1,South Asia,Cluster 5: South Asia
STP,1995,1,3,7,Latin America,Cluster 1: Latin America
TCD,1995,6,4,8,Unknown,Cluster 6: Unknown
ZAF,1995,3,0,0,Sub-Saharan Africa,Cluster 3: Sub-Saharan Africa
ZMB,1995,3,0,9,Sub-Saharan Africa,Cluster 3: Sub-Saharan Africa
CAN,1995,3,0,0,Sub-Saharan Africa,Cluster 3: Sub-Saharan Africa
ALB,1995,7,2,10,Eastern Europe,Cluster 7: Eastern Europe
GRC,1995,7,2,11,Eastern Europe,Cluster 7: Eastern Europe
ITA,1995,1,2,0,Latin America,Cluster 1: Latin America
MKD,1995,1,2,12,Latin America,Cluster 1: Latin America
TUR,1995,7,2,0,Eastern Europe,Cluster 7: Eastern Europe
USA,1995,8,1,0,,
ARG,1995,1,3,13,Latin America,Cluster 1: Latin America
AND,1995,1,3,14,Latin America,Cluster 1: Latin America
AUS,1995,3,0,0,Sub-Saharan Africa,Cluster 3: Sub-Saharan Africa
BEL,1995,1,3,0,Latin America,Cluster 1: Latin America
CHE,1995,1,2,0,Latin America,Cluster 1: Latin America
CHL,1995,1,3,13,Latin America,Cluster 1: Latin America
DEU,1995,7,2,0,Eastern Europe,Cluster 7: Eastern Europe
DNK,1995,7,2,15,Eastern Europe,Cluster 7: Eastern Europe
ESP,1995,1,3,0,Latin America,Cluster 1: Latin America
FRA,1995,1,3,0,Latin America,Cluster 1: Latin America
GBR,1995,3,0,0,Sub-Saharan Africa,Cluster 3: Sub-Saharan Africa
MAR,1995,1,3,0,Latin America,Cluster 1: Latin America
NLD,1995,3,0,0,Sub-Saharan Africa,Cluster 3: Sub-Saharan Africa
PHL,1995,8,1,0,,
SWE,1995,7,2,16,Eastern Europe,Cluster 7: Eastern Europe
URY,1995,1,3,13,Latin America,Cluster 1: Latin America
ARE,1995,0,6,0,Western Asia,Cluster 0: Western Asia
BGD,1995,4,0,0,Sub-Saharan Africa,Cluster 4: Sub-Saharan Africa
BHR,1995,0,6,17,Western Asia,Cluster 0: Western Asia
EGY,1995,0,6,0,Western Asia,Cluster 0: Western Asia
ERI,1995,1,2,18,Latin America,Cluster 1: Latin America
ETH,1995,5,7,0,South Asia,Cluster 5: South Asia
IDN,1995,3,0,0,Sub-Saharan Africa,Cluster 3: Sub-Saharan Africa
IND,1995,0,6,0,Western Asia,Cluster 0: Western Asia
JOR,1995,4,8,0,Sub-Saharan Africa,Cluster 4: Sub-Saharan Africa
KWT,1995,0,6,19,Western Asia,Cluster 0: Western Asia
LBN,1995,4,8,0,Sub-Saharan Africa,Cluster 4: Sub-Saharan Africa
LKA,1995,0,6,0,Western Asia,Cluster 0: Western Asia
NGA,1995,6,4,20,Unknown,Cluster 6: Unknown
NPL,1995,0,6,0,Western Asia,Cluster 0: Western Asia
PSE,1995,4,8,0,Sub-Saharan Africa,Cluster 4: Sub-Saharan Africa
QAT,1995,3,0,21,Sub-Saharan Africa,Cluster 3: Sub-Saharan Africa
SAU,1995,4,8,0,Sub-Saharan Africa,Cluster 4: Sub-Saharan Africa
SOM,1995,5,7,0,South Asia,Cluster 5: South Asia
SYR,1995,4,8,0,Sub-Saharan Africa,Cluster 4: Sub-Saharan Africa
THA,1995,8,0,0,,
TUN,1995,1,3,0,Latin America,Cluster 1: Latin America
YEM,1995,4,8,0,Sub-Saharan Africa,Cluster 4: Sub-Saharan Africa
ARM,1995,2,5,0,Western Asia,Cluster 2: Western Asia
AUT,1995,7,2,0,Eastern Europe,Cluster 7: Eastern Europe
BGR,1995,7,2,0,Eastern Europe,Cluster 7: Eastern Europe
BOL,1995,1,3,13,Latin America,Cluster 1: Latin America
BRA,1995,1,3,0,Latin America,Cluster 1: Latin America
CHN,1995,8,0,0,,
COL,1995,8,1,0,,
CRI,1995,8,1,0,,
CUB,1995,8,1,0,,
CYP,1995,7,2,22,Eastern Europe,Cluster 7: Eastern Europe
CZE,1995,7,2,0,Eastern Europe,Cluster 7: Eastern Europe
DOM,1995,8,1,0,,
DZA,1995,1,3,0,Latin America,Cluster 1: Latin America
ECU,1995,8,1,0,,
EST,1995,2,5,0,Western Asia,Cluster 2: Western Asia
GTM,1995,8,1,0,,
HND,1995,8,1,0,,
HRV,1995,7,2,0,Eastern Europe,Cluster 7: Eastern Europe
HTI,1995,8,1,0,,
HUN,1995,7,2,0,Eastern Europe,Cluster 7: Eastern Europe
IRL,1995,3,0,0,Sub-Saharan Africa,Cluster 3: Sub-Saharan Africa
IRN,1995,0,6,0,Western Asia,Cluster 0: Western Asia
ISR,1995,2,5,0,Western Asia,Cluster 2: Western Asia
JPN,1995,8,1,0,,
KOR,1995,8,1,0,,
LAO,1995,8,1,0,,
LTU,1995,2,5,0,Western Asia,Cluster 2: Western Asia
MEX,1995,8,1,0,,
MNE,1995,7,2,23,Eastern Europe,Cluster 7: Eastern Europe
NIC,1995,8,1,0,,
NOR,1995,7,2,24,Eastern Europe,Cluster 7: Eastern Europe
NZL,1995,3,0,0,Sub-Saharan Africa,Cluster 3: Sub-Saharan Africa
PAN,1995,8,1,0,,
PER,1995,8,1,0,,
POL,1995,7,2,0,Eastern Europe,Cluster 7: Eastern Europe
PRK,1995,8,1,25,,
PRY,1995,1,3,13,Latin America,Cluster 1: Latin America
ROU,1995,7,2,0,Eastern Europe,Cluster 7: Eastern Europe
RUS,1995,2,5,0,Western Asia,Cluster 2: Western Asia
SEN,1995,6,4,26,Unknown,Cluster 6: Unknown
SLV,1995,8,1,0,,
SRB,1995,7,2,0,Eastern Europe,Cluster 7: Eastern Europe
SVK,1995,7,2,0,Eastern Europe,Cluster 7: Eastern Europe
SVN,1995,7,2,27,Eastern Europe,Cluster 7: Eastern Europe
UKR,1995,2,5,0,Western Asia,Cluster 2: Western Asia
AZE,1995,2,5,0,Western Asia,Cluster 2: Western Asia
GEO,1995,2,5,0,Western Asia,Cluster 2: Western Asia
KAZ,1995,2,5,0,Western Asia,Cluster 2: Western Asia
TKM,1995,2,5,0,Western Asia,Cluster 2: Western Asia
ASM,1995,3,0,28,Sub-Saharan Africa,Cluster 3: Sub-Saharan Africa
FJI,1995,3,0,29,Sub-Saharan Africa,Cluster 3: Sub-Saharan Africa
TON,1995,3,0,30,Sub-Saharan Africa,Cluster 3: Sub-Saharan Africa
VNM,1995,8,1,0,,
WSM,1995,3,0,31,Sub-Saharan Africa,Cluster 3: Sub-Saharan Africa
ATG,1995,8,1,32,,
BHS,1995,8,1,33,,
BLZ,1995,8,1,34,,
BRB,1995,3,0,35,Sub-Saharan Africa,Cluster 3: Sub-Saharan Africa
DMA,1995,8,1,36,,
GHA,1995,6,4,37,Unknown,Cluster 6: Unknown
GRD,1995,3,0,38,Sub-Saharan Africa,Cluster 3: Sub-Saharan Africa
GUY,1995,8,1,0,,
JAM,1995,8,1,0,,
KNA,1995,8,1,39,,
LCA,1995,3,0,40,Sub-Saharan Africa,Cluster 3: Sub-Saharan Africa
SUR,1995,3,0,0,Sub-Saharan Africa,Cluster 3: Sub-Saharan Africa
TTO,1995,8,1,0,,
VCT,1995,3,0,41,Sub-Saharan Africa,Cluster 3: Sub-Saharan Africa
BDI,1995,5,7,1,South Asia,Cluster 5: South Asia
BEN,1995,6,4,20,Unknown,Cluster 6: Unknown
BFA,1995,6,4,42,Unknown,Cluster 6: Unknown
BIH,1995,7,2,0,Eastern Europe,Cluster 7: Eastern Europe
BLR,1995,2,5,0,Western Asia,Cluster 2: Western Asia
BRN,1995,4,0,43,Sub-Saharan Africa,Cluster 4: Sub-Saharan Africa
BTN,1995,0,6,0,Western Asia,Cluster 0: Western Asia
BWA,1995,3,0,44,Sub-Saharan Africa,Cluster 3: Sub-Saharan Africa
CAF,1995,5,7,45,South Asia,Cluster 5: South Asia
CMR,1995,6,4,46,Unknown,Cluster 6: Unknown
DJI,1995,5,7,47,South Asia,Cluster 5: South Asia
FIN,1995,7,2,16,Eastern Europe,Cluster 7: Eastern Europe
GAB,1995,6,4,48,Unknown,Cluster 6: Unknown
GMB,1995,6,4,49,Unknown,Cluster 6: Unknown
IRQ,1995,0,6,0,Western Asia,Cluster 0: Western Asia
KEN,1995,5,7,0,South Asia,Cluster 5: South Asia
KGZ,1995,2,5,0,Western Asia,Cluster 2: Western Asia
KHM,1995,8,1,0,,
KIR,1995,3,0,50,Sub-Saharan Africa,Cluster 3: Sub-Saharan Africa
LBR,1995,6,4,4,Unknown,Cluster 6: Unknown
LBY,1995,4,8,0,Sub-Saharan Africa,Cluster 4: Sub-Saharan Africa
LSO,1995,3,0,51,Sub-Saharan Africa,Cluster 3: Sub-Saharan Africa
LUX,1995,1,3,52,Latin America,Cluster 1: Latin America
LVA,1995,2,5,0,Western Asia,Cluster 2: Western Asia
MDA,1995,2,5,0,Western Asia,Cluster 2: Western Asia
MDG,1995,1,3,0,Latin America,Cluster 1: Latin America
MDV,1995,4,0,53,Sub-Saharan Africa,Cluster 4: Sub-Saharan Africa
MLT,1995,3,0,54,Sub-Saharan Africa,Cluster 3: Sub-Saharan Africa
MNG,1995,2,5,55,Western Asia,Cluster 2: Western Asia
MUS,1995,1,3,56,Latin America,Cluster 1: Latin America
MWI,1995,3,0,57,Sub-Saharan Africa,Cluster 3: Sub-Saharan Africa
MYS,1995,4,0,0,Sub-Saharan Africa,Cluster 4: Sub-Saharan Africa
OMN,1995,0,6,58,Western Asia,Cluster 0: Western Asia
PNG,1995,3,0,59,Sub-Saharan Africa,Cluster 3: Sub-Saharan Africa
SLB,1995,3,0,60,Sub-Saharan Africa,Cluster 3: Sub-Saharan Africa
SLE,1995,6,4,4,Unknown,Cluster 6: Unknown
SWZ,1995,3,0,61,Sub-Saharan Africa,Cluster 3: Sub-Saharan Africa
TGO,1995,6,4,37,Unknown,Cluster 6: Unknown
TZA,1995,5,7,62,South Asia,Cluster 5: South Asia
UGA,1995,5,7,0,South Asia,Cluster 5: South Asia
VUT,1995,3,0,63,Sub-Saharan Africa,Cluster 3: Sub-Saharan Africa
ZWE,1995,3,0,64,Sub-Saharan Africa,Cluster 3: Sub-Saharan Africa
MRT,1995,6,4,26,Unknown,Cluster 6: Unknown
NER,1995,6,4,65,Unknown,Cluster 6: Unknown
MLI,1995,6,4,42,Unknown,Cluster 6: Unknown
GNQ,1995,6,4,66,Unknown,Cluster 6: Unknown
COM,1995,1,3,67,Latin America,Cluster 1: Latin America
TLS,1995,3,0,68,Sub-Saharan Africa,Cluster 3: Sub-Saharan Africa
FSM,1995,8,1,69,,
MHL,1995,8,1,70,,
PLW,1995,8,1,71,,
PAK,2000,6,7,0,Unknown,Cluster 6: Unknown
AFG,2000,6,7,0,Unknown,Cluster 6: Unknown
TJK,2000,1,6,1,Latin America,Cluster 1: Latin America
UZB,2000,1,6,1,Latin America,Cluster 1: Latin America
COD,2000,2,4,2,Western Asia,Cluster 2: Western Asia
AGO,2000,2,4,2,Western Asia,Cluster 2: Western Asia
COG,2000,2,4,3,Western Asia,Cluster 2: Western Asia
CPV,2000,5,3,4,South Asia,Cluster 5: South Asia
GIN,2000,3,5,5,Sub-Saharan Africa,Cluster 3: Sub-Saharan Africa
MOZ,2000,2,4,6,Western Asia,Cluster 2: Western Asia
NAM,2000,2,4,7,Western Asia,Cluster 2: Western Asia
PRT,2000,5,3,1,South Asia,Cluster 5: South Asia
RWA,2000,2,4,2,Western Asia,Cluster 2: Western Asia
STP,2000,5,3,8,South Asia,Cluster 5: South Asia
TCD,2000,5,5,9,South Asia,Cluster 5: South Asia
ZAF,2000,2,4,0,Western Asia,Cluster 2: Western Asia
ZMB,2000,2,4,10,Western Asia,Cluster 2: Western Asia
CAN,2000,6,1,0,Unknown,Cluster 6: Unknown
ALB,2000,7,2,11,Eastern Europe,Cluster 7: Eastern Europe
GRC,2000,7,2,1,Eastern Europe,Cluster 7: Eastern Europe
ITA,2000,7,2,1,Eastern Europe,Cluster 7: Eastern Europe
MKD,2000,7,2,12,Eastern Europe,Cluster 7: Eastern Europe
TUR,2000,7,2,1,Eastern Europe,Cluster 7: Eastern Europe
USA,2000,4,0,0,Sub-Saharan Africa,Cluster 4: Sub-Saharan Africa
ARG,2000,5,3,0,South Asia,Cluster 5: South Asia
AND,2000,5,3,13,South Asia,Cluster 5: South Asia
AUS,2000,6,1,0,Unknown,Cluster 6: Unknown
BEL,2000,5,3,1,South Asia,Cluster 5: South Asia
CHE,2000,7,2,1,Eastern Europe,Cluster 7: Eastern Europe
CHL,2000,5,3,0,South Asia,Cluster 5: South Asia
DEU,2000,7,2,1,Eastern Europe,Cluster 7: Eastern Europe
DNK,2000,7,2,14,Eastern Europe,Cluster 7: Eastern Europe
ESP,2000,5,3,0,South Asia,Cluster 5: South Asia
FRA,2000,5,3,1,South Asia,Cluster 5: South Asia
GBR,2000,6,1,0,Unknown,Cluster 6: Unknown
MAR,2000,5,3,1,South Asia,Cluster 5: South Asia
NLD,2000,5,1,0,South Asia,Cluster 5: South Asia
PHL,2000,4,0,0,Sub-Saharan Africa,Cluster 4: Sub-Saharan Africa
SWE,2000,7,2,15,Eastern Europe,Cluster 7: Eastern Europe
URY,2000,5,3,0,South Asia,Cluster 5: South Asia
ARE,2000,6,7,0,Unknown,Cluster 6: Unknown
BGD,2000,6,1,0,Unknown,Cluster 6: Unknown
BHR,2000,6,7,16,Unknown,Cluster 6: Unknown
EGY,2000,6,7,0,Unknown,Cluster 6: Unknown
ERI,2000,7,2,17,Eastern Europe,Cluster 7: Eastern Europe
ETH,2000,0,8,0,Western Asia,Cluster 0: Western Asia
IDN,2000,6,1,0,Unknown,Cluster 6: Unknown
IND,2000,6,7,0,Unknown,Cluster 6: Unknown
JOR,2000,0,8,0,Western Asia,Cluster 0: Western Asia
KWT,2000,6,1,0,Unknown,Cluster 6: Unknown
LBN,2000,0,8,0,Western Asia,Cluster 0: Western Asia
LKA,2000,6,7,0,Unknown,Cluster 6: Unknown
NGA,2000,3,5,0,Sub-Saharan Africa,Cluster 3: Sub-Saharan Africa
NPL,2000,6,7,0,Unknown,Cluster 6: Unknown
PSE,2000,0,8,0,Western Asia,Cluster 0: Western Asia
QAT,2000,6,1,0,Unknown,Cluster 6: Unknown
SAU,2000,0,8,0,Western Asia,Cluster 0: Western Asia
SOM,2000,0,8,0,Western Asia,Cluster 0: Western Asia
SYR,2000,0,8,0,Western Asia,Cluster 0: Western Asia
THA,2000,4,0,0,Sub-Saharan Africa,Cluster 4: Sub-Saharan Africa
TUN,2000,5,3,1,South Asia,Cluster 5: South Asia
YEM,2000,0,8,0,Western Asia,Cluster 0: Western Asia
ARM,2000,1,6,1,Latin America,Cluster 1: Latin America
AUT,2000,7,2,1,Eastern Europe,Cluster 7: Eastern Europe
BGR,2000,7,2,1,Eastern Europe,Cluster 7: Eastern Europe
BOL,2000,5,3,0,South Asia,Cluster 5: South Asia
BRA,2000,4,3,0,Sub-Saharan Africa,Cluster 4: Sub-Saharan Africa
CHN,2000,4,0,0,Sub-Saharan Africa,Cluster 4: Sub-Saharan Africa
COL,2000,4,0,0,Sub-Saharan Africa,Cluster 4: Sub-Saharan Africa
CRI,2000,4,0,0,Sub-Saharan Africa,Cluster 4: Sub-Saharan Africa
CUB,2000,4,0,0,Sub-Saharan Africa,Cluster 4: Sub-Saharan Africa
CYP,2000,7,1,18,Eastern Europe,Cluster 7: Eastern Europe
CZE,2000,7,2,1,Eastern Europe,Cluster 7: Eastern Europe
DOM,2000,4,0,0,Sub-Saharan Africa,Cluster 4: Sub-Saharan Africa
DZA,2000,5,3,1,South Asia,Cluster 5: South Asia
ECU,2000,4,0,0,Sub-Saharan Africa,Cluster 4: Sub-Saharan Africa
EST,2000,1,6,1,Latin America,Cluster 1: Latin America
GTM,2000,4,0,0,Sub-Saharan Africa,Cluster 4: Sub-Saharan Africa
HND,2000,4,0,0,Sub-Saharan Africa,Cluster 4: Sub-Saharan Africa
HRV,2000,7,2,1,Eastern Europe,Cluster 7: Eastern Europe
HTI,2000,4,0,0,Sub-Saharan Africa,Cluster 4: Sub-Saharan Africa
HUN,2000,7,2,1,Eastern Europe,Cluster 7: Eastern Europe
IRL,2000,6,1,0,Unknown,Cluster 6: Unknown
IRN,2000,6,7,0,Unknown,Cluster 6: Unknown
ISR,2000,1,6,1,Latin America,Cluster 1: Latin America
JPN,2000,4,0,0,Sub-Saharan Africa,Cluster 4: Sub-Saharan Africa
KOR,2000,4,0,0,Sub-Saharan Africa,Cluster 4: Sub-Saharan Africa
LAO,2000,4,0,0,Sub-Saharan Africa,Cluster 4: Sub-Saharan Africa
LTU,2000,1,6,1,Latin America,Cluster 1: Latin America
MEX,2000,4,0,0,Sub-Saharan Africa,Cluster 4: Sub-Saharan Africa
MNE,2000,7,2,19,Eastern Europe,Cluster 7: Eastern Europe
NIC,2000,4,0,0,Sub-Saharan Africa,Cluster 4: Sub-Saharan Africa
NOR,2000,7,2,20,Eastern Europe,Cluster 7: Eastern Europe
NZL,2000,6,1,0,Unknown,Cluster 6: Unknown
PAN,2000,4,0,0,Sub-Saharan Africa,Cluster 4: Sub-Saharan Africa
PER,2000,4,0,0,Sub-Saharan Africa,Cluster 4: Sub-Saharan Africa
POL,2000,7,2,1,Eastern Europe,Cluster 7: Eastern Europe
PRK,2000,4,0,21,Sub-Saharan Africa,Cluster 4: Sub-Saharan Africa
PRY,2000,5,3,0,South Asia,Cluster 5: South Asia
ROU,2000,7,2,1,Eastern Europe,Cluster 7: Eastern Europe
RUS,2000,1,6,1,Latin America,Cluster 1: Latin America
SEN,2000,5,5,22,South Asia,Cluster 5: South Asia
SLV,2000,4,0,0,Sub-Saharan Africa,Cluster 4: Sub-Saharan Africa
SRB,2000,7,2,1,Eastern Europe,Cluster 7: Eastern Europe
SVK,2000,7,2,1,Eastern Europe,Cluster 7: Eastern Europe
SVN,2000,7,2,23,Eastern Europe,Cluster 7: Eastern Europe
UKR,2000,1,6,1,Latin America,Cluster 1: Latin America
AZE,2000,1,6,1,Latin America,Cluster 1: Latin America
GEO,2000,1,6,1,Latin America,Cluster 1: Latin America
KAZ,2000,1,6,1,Latin America,Cluster 1: Latin America
TKM,2000,1,6,1,Latin America,Cluster 1: Latin America
ASM,2000,6,1,24,Unknown,Cluster 6: Unknown
FJI,2000,6,1,25,Unknown,Cluster 6: Unknown
TON,2000,6,1,26,Unknown,Cluster 6: Unknown
VNM,2000,4,0,0,Sub-Saharan Africa,Cluster 4: Sub-Saharan Africa
WSM,2000,6,1,27,Unknown,Cluster 6: Unknown
ATG,2000,4,0,28,Sub-Saharan Africa,Cluster 4: Sub-Saharan Africa
BHS,2000,4,0,29,Sub-Saharan Africa,Cluster 4: Sub-Saharan Africa
BLZ,2000,4,0,30,Sub-Saharan Africa,Cluster 4: Sub-Saharan Africa
BRB,2000,6,1,31,Unknown,Cluster 6: Unknown
DMA,2000,4,0,32,Sub-Saharan Africa,Cluster 4: Sub-Saharan Africa
GHA,2000,3,5,33,Sub-Saharan Africa,Cluster 3: Sub-Saharan Africa
GRD,2000,6,1,34,Unknown,Cluster 6: Unknown
GUY,2000,4,0,0,Sub-Saharan Africa,Cluster 4: Sub-Saharan Africa
JAM,2000,4,0,0,Sub-Saharan Africa,Cluster 4: Sub-Saharan Africa
KNA,2000,4,0,35,Sub-Saharan Africa,Cluster 4: Sub-Saharan Africa
LCA,2000,6,1,36,Unknown,Cluster 6: Unknown
SUR,2000,5,1,0,South Asia,Cluster 5: South Asia
TTO,2000,4,0,0,Sub-Saharan Africa,Cluster 4: Sub-Saharan Africa
VCT,2000,6,1,37,Unknown,Cluster 6: Unknown
BDI,2000,2,4,38,Western Asia,Cluster 2: Western Asia
BEN,2000,3,5,0,Sub-Saharan Africa,Cluster 3: Sub-Saharan Africa
BFA,2000,3,5,39,Sub-Saharan Africa,Cluster 3: Sub-Saharan Africa
BIH,2000,7,2,1,Eastern Europe,Cluster 7: Eastern Europe
BLR,2000,1,6,1,Latin America,Cluster 1: Latin America
BRN,2000,6,1,40,Unknown,Cluster 6: Unknown
BTN,2000,6,7,0,Unknown,Cluster 6: Unknown
BWA,2000,2,4,41,Western Asia,Cluster 2: Western Asia
CAF,2000,2,4,42,Western Asia,Cluster 2: Western Asia
CMR,2000,5,5,43,South Asia,Cluster 5: South Asia
DJI,2000,0,8,44,Western Asia,Cluster 0: Western Asia
FIN,2000,7,2,15,Eastern Europe,Cluster 7: Eastern Europe
GAB,2000,3,5,45,Sub-Saharan Africa,Cluster 3: Sub-Saharan Africa
GMB,2000,5,5,46,South Asia,Cluster 5: South Asia
IRQ,2000,6,7,0,Unknown,Cluster 6: Unknown
KEN,2000,2,4,0,Western Asia,Cluster 2: Western Asia
KGZ,2000,1,6,1,Latin America,Cluster 1: Latin America
KHM,2000,4,0,0,Sub-Saharan Africa,Cluster 4: Sub-Saharan Africa
KIR,2000,6,1,47,Unknown,Cluster 6: Unknown
LBR,2000,3,5,5,Sub-Saharan Africa,Cluster 3: Sub-Saharan Africa
LBY,2000,0,8,0,Western Asia,Cluster 0: Western Asia
LSO,2000,2,4,0,Western Asia,Cluster 2: Western Asia
LUX,2000,5,3,48,South Asia,Cluster 5: South Asia
LVA,2000,1,6,1,Latin America,Cluster 1: Latin America
MDA,2000,1,6,1,Latin America,Cluster 1: Latin America
MDG,2000,5,3,1,South Asia,Cluster 5: South Asia
MDV,2000,6,1,49,Unknown,Cluster 6: Unknown
MLI,2000,3,5,50,Sub-Saharan Africa,Cluster 3: Sub-Saharan Africa
MLT,2000,6,1,51,Unknown,Cluster 6: Unknown
MNG,2000,1,6,52,Latin America,Cluster 1: Latin America
MUS,2000,5,3,53,South Asia,Cluster 5: South Asia
MWI,2000,2,4,54,Western Asia,Cluster 2: Western Asia
MYS,2000,6,1,0,Unknown,Cluster 6: Unknown
OMN,2000,6,7,0,Unknown,Cluster 6: Unknown
PNG,2000,6,1,55,Unknown,Cluster 6: Unknown
SLB,2000,6,1,56,Unknown,Cluster 6: Unknown
SLE,2000,3,5,5,Sub-Saharan Africa,Cluster 3: Sub-Saharan Africa
SWZ,2000,2,4,57,Western Asia,Cluster 2: Western Asia
TGO,2000,3,5,58,Sub-Saharan Africa,Cluster 3: Sub-Saharan Africa
TLS,2000,6,1,0,Unknown,Cluster 6: Unknown
TZA,2000,2,4,2,Western Asia,Cluster 2: Western Asia
UGA,2000,2,4,0,Western Asia,Cluster 2: Western Asia
VUT,2000,6,1,59,Unknown,Cluster 6: Unknown
ZWE,2000,2,4,0,Western Asia,Cluster 2: Western Asia
MRT,2000,5,5,60,South Asia,Cluster 5: South Asia
NER,2000,3,5,61,Sub-Saharan Africa,Cluster 3: Sub-Saharan Africa
GNQ,2000,3,5,62,Sub-Saharan Africa,Cluster 3: Sub-Saharan Africa
COM,2000,5,3,63,South Asia,Cluster 5: South Asia
FSM,2000,4,0,64,Sub-Saharan Africa,Cluster 4: Sub-Saharan Africa
MHL,2000,4,0,65,Sub-Saharan Africa,Cluster 4: Sub-Saharan Africa
PLW,2000,4,0,66,Sub-Saharan Africa,Cluster 4: Sub-Saharan Africa
PAK,2005,0,0,0,Western Asia,Cluster 0: Western Asia
AFG,2005,0,0,0,Western Asia,Cluster 0: Western Asia
TJK,2005,2,5,0,Western Asia,Cluster 2: Western Asia
UZB,2005,2,5,0,Western Asia,Cluster 2: Western Asia
COD,2005,4,4,1,Sub-Saharan Africa,Cluster 4: Sub-Saharan Africa
AGO,2005,4,4,1,Sub-Saharan Africa,Cluster 4: Sub-Saharan Africa
COG,2005,4,4,2,Sub-Saharan Africa,Cluster 4: Sub-Saharan Africa
CPV,2005,4,4,3,Sub-Saharan Africa,Cluster 4: Sub-Saharan Africa
GIN,2005,7,6,4,Eastern Europe,Cluster 7: Eastern Europe
MOZ,2005,4,4,0,Sub-Saharan Africa,Cluster 4: Sub-Saharan Africa
NAM,2005,4,4,5,Sub-Saharan Africa,Cluster 4: Sub-Saharan Africa
PRT,2005,1,2,0,Latin America,Cluster 1: Latin America
RWA,2005,4,4,1,Sub-Saharan Africa,Cluster 4: Sub-Saharan Africa
STP,2005,1,2,6,Latin America,Cluster 1: Latin America
TCD,2005,4,4,7,Sub-Saharan Africa,Cluster 4: Sub-Saharan Africa
ZAF,2005,4,4,0,Sub-Saharan Africa,Cluster 4: Sub-Saharan Africa
ZMB,2005,4,4,8,Sub-Saharan Africa,Cluster 4: Sub-Saharan Africa
CAN,2005,0,0,0,Western Asia,Cluster 0: Western Asia
ALB,2005,3,3,9,Sub-Saharan Africa,Cluster 3: Sub-Saharan Africa
GRC,2005,3,3,0,Sub-Saharan Africa,Cluster 3: Sub-Saharan Africa
ITA,2005,3,3,0,Sub-Saharan Africa,Cluster 3: Sub-Saharan Africa
MKD,2005,3,3,10,Sub-Saharan Africa,Cluster 3: Sub-Saharan Africa
TUR,2005,3,3,0,Sub-Saharan Africa,Cluster 3: Sub-Saharan Africa
USA,2005,5,1,0,South Asia,Cluster 5: South Asia
ARG,2005,1,2,0,Latin America,Cluster 1: Latin America
AND,2005,1,2,11,Latin America,Cluster 1: Latin America
AUS,2005,0,0,0,Western Asia,Cluster 0: Western Asia
BEL,2005,1,2,0,Latin America,Cluster 1: Latin America
CHE,2005,3,3,0,Sub-Saharan Africa,Cluster 3: Sub-Saharan Africa
CHL,2005,1,2,0,Latin America,Cluster 1: Latin America
DEU,2005,3,3,0,Sub-Saharan Africa,Cluster 3: Sub-Saharan Africa
DNK,2005,3,3,12,Sub-Saharan Africa,Cluster 3: Sub-Saharan Africa
ESP,2005,1,2,0,Latin America,Cluster 1: Latin America
FRA,2005,1,2,0,Latin America,Cluster 1: Latin America
GBR,2005,0,0,0,Western Asia,Cluster 0: Western Asia
MAR,2005,1,2,0,Latin America,Cluster 1: Latin America
NLD,2005,1,2,0,Latin America,Cluster 1: Latin America
PHL,2005,5,1,0,South Asia,Cluster 5: South Asia
SWE,2005,3,3,13,Sub-Saharan Africa,Cluster 3: Sub-Saharan Africa
URY,2005,1,2,0,Latin America,Cluster 1: Latin America
ARE,2005,0,0,0,Western Asia,Cluster 0: Western Asia
BGD,2005,0,0,0,Western Asia,Cluster 0: Western Asia
BHR,2005,0,0,14,Western Asia,Cluster 0: Western Asia
EGY,2005,0,0,0,Western Asia,Cluster 0: Western Asia
ERI,2005,3,3,15,Sub-Saharan Africa,Cluster 3: Sub-Saharan Africa
ETH,2005,1,7,0,Latin America,Cluster 1: Latin America
IDN,2005,0,0,0,Western Asia,Cluster 0: Western Asia
IND,2005,0,0,0,Western Asia,Cluster 0: Western Asia
JOR,2005,6,7,0,Unknown,Cluster 6: Unknown
KWT,2005,0,0,0,Western Asia,Cluster 0: Western Asia
LBN,2005,6,7,0,Unknown,Cluster 6: Unknown
LKA,2005,0,0,0,Western Asia,Cluster 0: Western Asia
NGA,2005,7,6,0,Eastern Europe,Cluster 7: Eastern Europe
NPL,2005,0,0,0,Western Asia,Cluster 0: Western Asia
PSE,2005,6,7,0,Unknown,Cluster 6: Unknown
QAT,2005,0,0,16,Western Asia,Cluster 0: Western Asia
SAU,2005,6,7,0,Unknown,Cluster 6: Unknown
SOM,2005,4,4,1,Sub-Saharan Africa,Cluster 4: Sub-Saharan Africa
SYR,2005,6,7,0,Unknown,Cluster 6: Unknown
THA,2005,5,1,0,South Asia,Cluster 5: South Asia
TUN,2005,1,2,0,Latin America,Cluster 1: Latin America
YEM,2005,6,7,0,Unknown,Cluster 6: Unknown
ARM,2005,2,5,0,Western Asia,Cluster 2: Western Asia
AUT,2005,3,3,0,Sub-Saharan Africa,Cluster 3: Sub-Saharan Africa
BGR,2005,3,3,0,Sub-Saharan Africa,Cluster 3: Sub-Saharan Africa
BOL,2005,1,2,0,Latin America,Cluster 1: Latin America
BRA,2005,1,2,0,Latin America,Cluster 1: Latin America
CHN,2005,0,1,0,Western Asia,Cluster 0: Western Asia
COL,2005,5,1,0,South Asia,Cluster 5: South Asia
CRI,2005,5,1,0,South Asia,Cluster 5: South Asia
CUB,2005,5,1,0,South Asia,Cluster 5: South Asia
CYP,2005,0,3,17,Western Asia,Cluster 0: Western Asia
CZE,2005,3,3,0,Sub-Saharan Africa,Cluster 3: Sub-Saharan Africa
DOM,2005,5,1,0,South Asia,Cluster 5: South Asia
DZA,2005,1,2,0,Latin America,Cluster 1: Latin America
ECU,2005,1,2,0,Latin America,Cluster 1: Latin America
EST,2005,2,5,0,Western Asia,Cluster 2: Western Asia
GTM,2005,5,1,0,South Asia,Cluster 5: South Asia
HND,2005,5,1,0,South Asia,Cluster 5: South Asia
HRV,2005,3,3,0,Sub-Saharan Africa,Cluster 3: Sub-Saharan Africa
HTI,2005,5,1,0,South Asia,Cluster 5: South Asia
HUN,2005,3,3,0,Sub-Saharan Africa,Cluster 3: Sub-Saharan Africa
IRL,2005,0,0,0,Western Asia,Cluster 0: Western Asia
IRN,2005,0,0,0,Western Asia,Cluster 0: Western Asia
ISR,2005,1,7,0,Latin America,Cluster 1: Latin America
JPN,2005,5,1,0,South Asia,Cluster 5: South Asia
KOR,2005,5,1,0,South Asia,Cluster 5: South Asia
LAO,2005,5,1,0,South Asia,Cluster 5: South Asia
LTU,2005,2,5,0,Western Asia,Cluster 2: Western Asia
MEX,2005,5,1,0,South Asia,Cluster 5: South Asia
MNE,2005,3,3,18,Sub-Saharan Africa,Cluster 3: Sub-Saharan Africa
NIC,2005,5,1,0,South Asia,Cluster 5: South Asia
NOR,2005,3,3,19,Sub-Saharan Africa,Cluster 3: Sub-Saharan Africa
NZL,2005,0,0,0,Western Asia,Cluster 0: Western Asia
PAN,2005,5,1,0,South Asia,Cluster 5: South Asia
PER,2005,1,2,0,Latin America,Cluster 1: Latin America
POL,2005,3,3,0,Sub-Saharan Africa,Cluster 3: Sub-Saharan Africa
PRK,2005,5,1,20,South Asia,Cluster 5: South Asia
PRY,2005,1,2,0,Latin America,Cluster 1: Latin America
ROU,2005,3,3,0,Sub-Saharan Africa,Cluster 3: Sub-Saharan Africa
RUS,2005,2,5,0,Western Asia,Cluster 2: Western Asia
SEN,2005,1,2,0,Latin America,Cluster 1: Latin America
SLV,2005,5,1,0,South Asia,Cluster 5: South Asia
SRB,2005,3,3,0,Sub-Saharan Africa,Cluster 3: Sub-Saharan Africa
SVK,2005,3,3,0,Sub-Saharan Africa,Cluster 3: Sub-Saharan Africa
SVN,2005,3,3,21,Sub-Saharan Africa,Cluster 3: Sub-Saharan Africa
UKR,2005,2,5,0,Western Asia,Cluster 2: Western Asia
AZE,2005,2,5,0,Western Asia,Cluster 2: Western Asia
GEO,2005,2,5,0,Western Asia,Cluster 2: Western Asia
IRQ,2005,6,7,0,Unknown,Cluster 6: Unknown
KAZ,2005,2,5,0,Western Asia,Cluster 2: Western Asia
TKM,2005,2,5,0,Western Asia,Cluster 2: Western Asia
ASM,2005,0,0,22,Western Asia,Cluster 0: Western Asia
FJI,2005,0,0,23,Western Asia,Cluster 0: Western Asia
TON,2005,0,0,24,Western Asia,Cluster 0: Western Asia
VNM,2005,5,1,0,South Asia,Cluster 5: South Asia
WSM,2005,0,0,25,Western Asia,Cluster 0: Western Asia
ATG,2005,5,1,26,South Asia,Cluster 5: South Asia
BHS,2005,5,1,27,South Asia,Cluster 5: South Asia
BLZ,2005,5,1,28,South Asia,Cluster 5: South Asia
BRB,2005,0,0,29,Western Asia,Cluster 0: Western Asia
DMA,2005,5,1,30,South Asia,Cluster 5: South Asia
GHA,2005,7,6,0,Eastern Europe,Cluster 7: Eastern Europe
GRD,2005,0,0,31,Western Asia,Cluster 0: Western Asia
GUY,2005,5,1,0,South Asia,Cluster 5: South Asia
JAM,2005,5,1,0,South Asia,Cluster 5: South Asia
KNA,2005,5,1,32,South Asia,Cluster 5: South Asia
LCA,2005,0,0,33,Western Asia,Cluster 0: Western Asia
SUR,2005,1,2,0,Latin America,Cluster 1: Latin America
TTO,2005,5,1,0,South Asia,Cluster 5: South Asia
VCT,2005,0,0,34,Western Asia,Cluster 0: Western Asia
BDI,2005,4,4,35,Sub-Saharan Africa,Cluster 4: Sub-Saharan Africa
BEN,2005,7,6,0,Eastern Europe,Cluster 7: Eastern Europe
BFA,2005,7,6,36,Eastern Europe,Cluster 7: Eastern Europe
BIH,2005,3,3,0,Sub-Saharan Africa,Cluster 3: Sub-Saharan Africa
BLR,2005,2,5,0,Western Asia,Cluster 2: Western Asia
BRN,2005,0,0,37,Western Asia,Cluster 0: Western Asia
BTN,2005,0,0,0,Western Asia,Cluster 0: Western Asia
BWA,2005,4,4,38,Sub-Saharan Africa,Cluster 4: Sub-Saharan Africa
CAF,2005,4,4,39,Sub-Saharan Africa,Cluster 4: Sub-Saharan Africa
CMR,2005,1,2,40,Latin America,Cluster 1: Latin America
DJI,2005,4,4,41,Sub-Saharan Africa,Cluster 4: Sub-Saharan Africa
FIN,2005,3,3,13,Sub-Saharan Africa,Cluster 3: Sub-Saharan Africa
GAB,2005,7,6,42,Eastern Europe,Cluster 7: Eastern Europe
GMB,2005,7,6,43,Eastern Europe,Cluster 7: Eastern Europe
KEN,2005,4,4,1,Sub-Saharan Africa,Cluster 4: Sub-Saharan Africa
KGZ,2005,2,5,0,Western Asia,Cluster 2: Western Asia
KHM,2005,5,1,0,South Asia,Cluster 5: South Asia
KIR,2005,0,0,44,Western Asia,Cluster 0: Western Asia
LBR,2005,7,6,4,Eastern Europe,Cluster 7: Eastern Europe
LBY,2005,6,7,0,Unknown,Cluster 6: Unknown
LSO,2005,4,4,0,Sub-Saharan Africa,Cluster 4: Sub-Saharan Africa
LUX,2005,1,2,45,Latin America,Cluster 1: Latin America
LVA,2005,2,5,0,Western Asia,Cluster 2: Western Asia
MDA,2005,2,5,0,Western Asia,Cluster 2: Western Asia
MDG,2005,1,2,0,Latin America,Cluster 1: Latin America
MDV,2005,0,0,46,Western Asia,Cluster 0: Western Asia
MLI,2005,7,6,0,Eastern Europe,Cluster 7: Eastern Europe
MLT,2005,0,0,47,Western Asia,Cluster 0: Western Asia
MNG,2005,2,5,48,Western Asia,Cluster 2: Western Asia
MUS,2005,1,2,49,Latin America,Cluster 1: Latin America
MWI,2005,4,4,50,Sub-Saharan Africa,Cluster 4: Sub-Saharan Africa
MYS,2005,0,0,0,Western Asia,Cluster 0: Western Asia
OMN,2005,0,0,0,Western Asia,Cluster 0: Western Asia
PNG,2005,0,0,51,Western Asia,Cluster 0: Western Asia
SLB,2005,0,0,52,Western Asia,Cluster 0: Western Asia
SLE,2005,7,6,53,Eastern Europe,Cluster 7: Eastern Europe
SWZ,2005,4,4,54,Sub-Saharan Africa,Cluster 4: Sub-Saharan Africa
TGO,2005,7,6,0,Eastern Europe,Cluster 7: Eastern Europe
TLS,2005,0,0,55,Western Asia,Cluster 0: Western Asia
TZA,2005,4,4,1,Sub-Saharan Africa,Cluster 4: Sub-Saharan Africa
UGA,2005,4,4,1,Sub-Saharan Africa,Cluster 4: Sub-Saharan Africa
VUT,2005,0,0,56,Western Asia,Cluster 0: Western Asia
ZWE,2005,4,4,0,Sub-Saharan Africa,Cluster 4: Sub-Saharan Africa
MRT,2005,1,2,57,Latin America,Cluster 1: Latin America
NER,2005,7,6,58,Eastern Europe,Cluster 7: Eastern Europe
GNQ,2005,7,6,59,Eastern Europe,Cluster 7: Eastern Europe
COM,2005,1,2,60,Latin America,Cluster 1: Latin America
FSM,2005,5,1,61,South Asia,Cluster 5: South Asia
MHL,2005,5,1,62,South Asia,Cluster 5: South Asia
PLW,2005,5,1,63,South Asia,Cluster 5: South Asia
PAK,2010,0,1,0,Western Asia,Cluster 0: Western Asia
AFG,2010,0,1,0,Western Asia,Cluster 0: Western Asia
TJK,2010,2,5,0,Western Asia,Cluster 2: Western Asia
UZB,2010,2,5,0,Western Asia,Cluster 2: Western Asia
COD,2010,3,2,1,Sub-Saharan Africa,Cluster 3: Sub-Saharan Africa
AGO,2010,3,2,1,Sub-Saharan Africa,Cluster 3: Sub-Saharan Africa
COG,2010,3,2,2,Sub-Saharan Africa,Cluster 3: Sub-Saharan Africa
CPV,2010,3,2,3,Sub-Saharan Africa,Cluster 3: Sub-Saharan Africa
GIN,2010,3,2,4,Sub-Saharan Africa,Cluster 3: Sub-Saharan Africa
MOZ,2010,3,2,5,Sub-Saharan Africa,Cluster 3: Sub-Saharan Africa
NAM,2010,3,2,6,Sub-Saharan Africa,Cluster 3: Sub-Saharan Africa
PRT,2010,1,3,0,Latin America,Cluster 1: Latin America
RWA,2010,3,2,1,Sub-Saharan Africa,Cluster 3: Sub-Saharan Africa
STP,2010,1,3,7,Latin America,Cluster 1: Latin America
TCD,2010,3,2,8,Sub-Saharan Africa,Cluster 3: Sub-Saharan Africa
ZAF,2010,3,2,5,Sub-Saharan Africa,Cluster 3: Sub-Saharan Africa
ZMB,2010,3,2,9,Sub-Saharan Africa,Cluster 3: Sub-Saharan Africa
CAN,2010,4,0,0,Sub-Saharan Africa,Cluster 4: Sub-Saharan Africa
ALB,2010,2,4,10,Western Asia,Cluster 2: Western Asia
GRC,2010,2,4,0,Western Asia,Cluster 2: Western Asia
ITA,2010,1,4,0,Latin America,Cluster 1: Latin America
MKD,2010,2,4,11,Western Asia,Cluster 2: Western Asia
TUR,2010,2,4,0,Western Asia,Cluster 2: Western Asia
USA,2010,4,0,0,Sub-Saharan Africa,Cluster 4: Sub-Saharan Africa
ARG,2010,1,3,0,Latin America,Cluster 1: Latin America
AND,2010,1,3,12,Latin America,Cluster 1: Latin America
AUS,2010,0,1,0,Western Asia,Cluster 0: Western Asia
BEL,2010,1,3,0,Latin America,Cluster 1: Latin America
CHE,2010,2,4,0,Western Asia,Cluster 2: Western Asia
CHL,2010,1,3,0,Latin America,Cluster 1: Latin America
DEU,2010,2,4,0,Western Asia,Cluster 2: Western Asia
DNK,2010,5,4,13,South Asia,Cluster 5: South Asia
ESP,2010,1,3,0,Latin America,Cluster 1: Latin America
FRA,2010,1,3,0,Latin America,Cluster 1: Latin America
GBR,2010,0,1,0,Western Asia,Cluster 0: Western Asia
MAR,2010,1,3,0,Latin America,Cluster 1: Latin America
NLD,2010,1,3,0,Latin America,Cluster 1: Latin America
PHL,2010,4,0,0,Sub-Saharan Africa,Cluster 4: Sub-Saharan Africa
SWE,2010,5,4,0,South Asia,Cluster 5: South Asia
URY,2010,1,3,0,Latin America,Cluster 1: Latin America
ARE,2010,0,1,0,Western Asia,Cluster 0: Western Asia
BGD,2010,0,1,0,Western Asia,Cluster 0: Western Asia
BHR,2010,0,1,0,Western Asia,Cluster 0: Western Asia
EGY,2010,0,1,0,Western Asia,Cluster 0: Western Asia
ERI,2010,5,4,14,South Asia,Cluster 5: South Asia
ETH,2010,5,6,0,South Asia,Cluster 5: South Asia
IDN,2010,0,1,0,Western Asia,Cluster 0: Western Asia
IND,2010,0,1,0,Western Asia,Cluster 0: Western Asia
JOR,2010,5,6,0,South Asia,Cluster 5: South Asia
KWT,2010,0,1,0,Western Asia,Cluster 0: Western Asia
LBN,2010,5,6,0,South Asia,Cluster 5: South Asia
LKA,2010,0,1,0,Western Asia,Cluster 0: Western Asia
NGA,2010,3,2,0,Sub-Saharan Africa,Cluster 3: Sub-Saharan Africa
NPL,2010,0,1,0,Western Asia,Cluster 0: Western Asia
PSE,2010,5,6,0,South Asia,Cluster 5: South Asia
QAT,2010,0,1,0,Western Asia,Cluster 0: Western Asia
SAU,2010,5,6,0,South Asia,Cluster 5: South Asia
SOM,2010,5,6,0,South Asia,Cluster 5: South Asia
SYR,2010,5,6,0,South Asia,Cluster 5: South Asia
THA,2010,4,0,0,Sub-Saharan Africa,Cluster 4: Sub-Saharan Africa
TUN,2010,1,3,0,Latin America,Cluster 1: Latin America
YEM,2010,5,6,0,South Asia,Cluster 5: South Asia
ARM,2010,2,5,15,Western Asia,Cluster 2: Western Asia
AUT,2010,2,4,0,Western Asia,Cluster 2: Western Asia
BGR,2010,2,4,0,Western Asia,Cluster 2: Western Asia
BOL,2010,1,3,0,Latin America,Cluster 1: Latin America
BRA,2010,1,3,0,Latin America,Cluster 1: Latin America
CHN,2010,4,0,0,Sub-Saharan Africa,Cluster 4: Sub-Saharan Africa
COL,2010,1,3,0,Latin America,Cluster 1: Latin America
CRI,2010,4,0,0,Sub-Saharan Africa,Cluster 4: Sub-Saharan Africa
CUB,2010,4,0,0,Sub-Saharan Africa,Cluster 4: Sub-Saharan Africa
CYP,2010,0,4,16,Western Asia,Cluster 0: Western Asia
CZE,2010,2,4,0,Western Asia,Cluster 2: Western Asia
DOM,2010,4,0,0,Sub-Saharan Africa,Cluster 4: Sub-Saharan Africa
DZA,2010,1,3,0,Latin America,Cluster 1: Latin America
ECU,2010,1,3,0,Latin America,Cluster 1: Latin America
EST,2010,2,5,0,Western Asia,Cluster 2: Western Asia
GTM,2010,4,0,0,Sub-Saharan Africa,Cluster 4: Sub-Saharan Africa
HND,2010,4,0,0,Sub-Saharan Africa,Cluster 4: Sub-Saharan Africa
HRV,2010,2,4,0,Western Asia,Cluster 2: Western Asia
HTI,2010,4,0,0,Sub-Saharan Africa,Cluster 4: Sub-Saharan Africa
HUN,2010,1,4,0,Latin America,Cluster 1: Latin America
IRL,2010,0,1,0,Western Asia,Cluster 0: Western Asia
IRN,2010,0,1,0,Western Asia,Cluster 0: Western Asia
ISR,2010,1,6,0,Latin America,Cluster 1: Latin America
JPN,2010,4,0,0,Sub-Saharan Africa,Cluster 4: Sub-Saharan Africa
KOR,2010,4,0,0,Sub-Saharan Africa,Cluster 4: Sub-Saharan Africa
LAO,2010,4,0,0,Sub-Saharan Africa,Cluster 4: Sub-Saharan Africa
LTU,2010,2,5,17,Western Asia,Cluster 2: Western Asia
MEX,2010,4,0,0,Sub-Saharan Africa,Cluster 4: Sub-Saharan Africa
MNE,2010,2,4,18,Western Asia,Cluster 2: Western Asia
NIC,2010,4,0,0,Sub-Saharan Africa,Cluster 4: Sub-Saharan Africa
NOR,2010,5,4,19,South Asia,Cluster 5: South Asia
NZL,2010,0,1,0,Western Asia,Cluster 0: Western Asia
PAN,2010,4,0,0,Sub-Saharan Africa,Cluster 4: Sub-Saharan Africa
PER,2010,1,3,0,Latin America,Cluster 1: Latin America
POL,2010,2,4,0,Western Asia,Cluster 2: Western Asia
PRK,2010,4,0,20,Sub-Saharan Africa,Cluster 4: Sub-Saharan Africa
PRY,2010,1,3,0,Latin America,Cluster 1: Latin America
ROU,2010,1,4,0,Latin America,Cluster 1: Latin America
RUS,2010,2,5,0,Western Asia,Cluster 2: Western Asia
SEN,2010,1,3,0,Latin America,Cluster 1: Latin America
SLV,2010,4,0,0,Sub-Saharan Africa,Cluster 4: Sub-Saharan Africa
SRB,2010,2,4,0,Western Asia,Cluster 2: Western Asia
SVK,2010,2,4,0,Western Asia,Cluster 2: Western Asia
SVN,2010,2,4,21,Western Asia,Cluster 2: Western Asia
UKR,2010,2,5,0,Western Asia,Cluster 2: Western Asia
AZE,2010,2,5,0,Western Asia,Cluster 2: Western Asia
GEO,2010,2,5,0,Western Asia,Cluster 2: Western Asia
IRQ,2010,5,6,0,South Asia,Cluster 5: South Asia
KAZ,2010,2,5,0,Western Asia,Cluster 2: Western Asia
TKM,2010,2,5,0,Western Asia,Cluster 2: Western Asia
ASM,2010,0,1,22,Western Asia,Cluster 0: Western Asia
FJI,2010,0,1,23,Western Asia,Cluster 0: Western Asia
TON,2010,0,1,24,Western Asia,Cluster 0: Western Asia
VNM,2010,4,0,0,Sub-Saharan Africa,Cluster 4: Sub-Saharan Africa
WSM,2010,0,1,25,Western Asia,Cluster 0: Western Asia
ATG,2010,4,0,26,Sub-Saharan Africa,Cluster 4: Sub-Saharan Africa
BHS,2010,4,0,27,Sub-Saharan Africa,Cluster 4: Sub-Saharan Africa
BLZ,2010,4,0,28,Sub-Saharan Africa,Cluster 4: Sub-Saharan Africa
BRB,2010,4,0,29,Sub-Saharan Africa,Cluster 4: Sub-Saharan Africa
DMA,2010,4,0,30,Sub-Saharan Africa,Cluster 4: Sub-Saharan Africa
GHA,2010,3,2,0,Sub-Saharan Africa,Cluster 3: Sub-Saharan Africa
GRD,2010,4,0,31,Sub-Saharan Africa,Cluster 4: Sub-Saharan Africa
GUY,2010,4,0,0,Sub-Saharan Africa,Cluster 4: Sub-Saharan Africa
JAM,2010,4,0,0,Sub-Saharan Africa,Cluster 4: Sub-Saharan Africa
KNA,2010,4,0,32,Sub-Saharan Africa,Cluster 4: Sub-Saharan Africa
LCA,2010,4,0,33,Sub-Saharan Africa,Cluster 4: Sub-Saharan Africa
SUR,2010,1,3,0,Latin America,Cluster 1: Latin America
TTO,2010,4,0,0,Sub-Saharan Africa,Cluster 4: Sub-Saharan Africa
VCT,2010,4,0,34,Sub-Saharan Africa,Cluster 4: Sub-Saharan Africa
BDI,2010,3,2,35,Sub-Saharan Africa,Cluster 3: Sub-Saharan Africa
BEN,2010,3,2,0,Sub-Saharan Africa,Cluster 3: Sub-Saharan Africa
BFA,2010,3,2,36,Sub-Saharan Africa,Cluster 3: Sub-Saharan Africa
BIH,2010,2,4,0,Western Asia,Cluster 2: Western Asia
BLR,2010,2,5,0,Western Asia,Cluster 2: Western Asia
BRN,2010,0,1,37,Western Asia,Cluster 0: Western Asia
BTN,2010,0,1,38,Western Asia,Cluster 0: Western Asia
BWA,2010,3,2,39,Sub-Saharan Africa,Cluster 3: Sub-Saharan Africa
CAF,2010,3,2,0,Sub-Saharan Africa,Cluster 3: Sub-Saharan Africa
CMR,2010,3,2,0,Sub-Saharan Africa,Cluster 3: Sub-Saharan Africa
DJI,2010,5,6,40,South Asia,Cluster 5: South Asia
FIN,2010,5,4,0,South Asia,Cluster 5: South Asia
GAB,2010,3,2,41,Sub-Saharan Africa,Cluster 3: Sub-Saharan Africa
GMB,2010,3,2,42,Sub-Saharan Africa,Cluster 3: Sub-Saharan Africa
KEN,2010,5,6,0,South Asia,Cluster 5: South Asia
KGZ,2010,2,5,0,Western Asia,Cluster 2: Western Asia
KHM,2010,4,0,0,Sub-Saharan Africa,Cluster 4: Sub-Saharan Africa
KIR,2010,0,1,43,Western Asia,Cluster 0: Western Asia
LBR,2010,3,2,44,Sub-Saharan Africa,Cluster 3: Sub-Saharan Africa
LBY,2010,5,6,0,South Asia,Cluster 5: South Asia
LSO,2010,3,2,5,Sub-Saharan Africa,Cluster 3: Sub-Saharan Africa
LUX,2010,1,3,45,Latin America,Cluster 1: Latin America
LVA,2010,2,5,46,Western Asia,Cluster 2: Western Asia
MDA,2010,2,5,0,Western Asia,Cluster 2: Western Asia
MDG,2010,1,3,0,Latin America,Cluster 1: Latin America
MDV,2010,0,1,47,Western Asia,Cluster 0: Western Asia
MLI,2010,3,2,0,Sub-Saharan Africa,Cluster 3: Sub-Saharan Africa
MLT,2010,0,1,48,Western Asia,Cluster 0: Western Asia
MNG,2010,2,5,49,Western Asia,Cluster 2: Western Asia
MUS,2010,1,3,50,Latin America,Cluster 1: Latin America
MWI,2010,3,2,51,Sub-Saharan Africa,Cluster 3: Sub-Saharan Africa
MYS,2010,0,1,0,Western Asia,Cluster 0: Western Asia
OMN,2010,0,1,0,Western Asia,Cluster 0: Western Asia
PNG,2010,0,1,52,Western Asia,Cluster 0: Western Asia
SLB,2010,0,1,53,Western Asia,Cluster 0: Western Asia
SLE,2010,3,2,54,Sub-Saharan Africa,Cluster 3: Sub-Saharan Africa
SWZ,2010,3,2,55,Sub-Saharan Africa,Cluster 3: Sub-Saharan Africa
TGO,2010,3,2,0,Sub-Saharan Africa,Cluster 3: Sub-Saharan Africa
TLS,2010,0,1,56,Western Asia,Cluster 0: Western Asia
TZA,2010,3,2,57,Sub-Saharan Africa,Cluster 3: Sub-Saharan Africa
UGA,2010,5,6,0,South Asia,Cluster 5: South Asia
VUT,2010,0,1,58,Western Asia,Cluster 0: Western Asia
ZWE,2010,3,2,5,Sub-Saharan Africa,Cluster 3: Sub-Saharan Africa
MRT,2010,1,3,59,Latin America,Cluster 1: Latin America
NER,2010,3,2,60,Sub-Saharan Africa,Cluster 3: Sub-Saharan Africa
GNQ,2010,3,2,61,Sub-Saharan Africa,Cluster 3: Sub-Saharan Africa
COM,2010,1,3,62,Latin America,Cluster 1: Latin America
FSM,2010,4,0,63,Sub-Saharan Africa,Cluster 4: Sub-Saharan Africa
MHL,2010,4,0,64,Sub-Saharan Africa,Cluster 4: Sub-Saharan Africa
PLW,2010,4,0,65,Sub-Saharan Africa,Cluster 4: Sub-Saharan Africa
PAK,2015,0,4,0,Western Asia,Cluster 0: Western Asia
AFG,2015,0,4,0,Western Asia,Cluster 0: Western Asia
TJK,2015,5,1,0,South Asia,Cluster 5: South Asia
UZB,2015,5,1,0,South Asia,Cluster 5: South Asia
COD,2015,3,3,1,Sub-Saharan Africa,Cluster 3: Sub-Saharan Africa
AGO,2015,3,3,1,Sub-Saharan Africa,Cluster 3: Sub-Saharan Africa
COG,2015,3,3,2,Sub-Saharan Africa,Cluster 3: Sub-Saharan Africa
CPV,2015,3,3,3,Sub-Saharan Africa,Cluster 3: Sub-Saharan Africa
GIN,2015,7,6,4,Eastern Europe,Cluster 7: Eastern Europe
MOZ,2015,3,3,5,Sub-Saharan Africa,Cluster 3: Sub-Saharan Africa
NAM,2015,3,3,6,Sub-Saharan Africa,Cluster 3: Sub-Saharan Africa
PRT,2015,2,2,0,Western Asia,Cluster 2: Western Asia
RWA,2015,3,3,1,Sub-Saharan Africa,Cluster 3: Sub-Saharan Africa
STP,2015,2,2,7,Western Asia,Cluster 2: Western Asia
TCD,2015,3,3,8,Sub-Saharan Africa,Cluster 3: Sub-Saharan Africa
ZAF,2015,3,3,0,Sub-Saharan Africa,Cluster 3: Sub-Saharan Africa
ZMB,2015,3,3,9,Sub-Saharan Africa,Cluster 3: Sub-Saharan Africa
CAN,2015,1,0,0,Latin America,Cluster 1: Latin America
ALB,2015,5,1,10,South Asia,Cluster 5: South Asia
GRC,2015,5,1,0,South Asia,Cluster 5: South Asia
ITA,2015,5,1,0,South Asia,Cluster 5: South Asia
MKD,2015,5,1,11,South Asia,Cluster 5: South Asia
TUR,2015,4,5,0,Sub-Saharan Africa,Cluster 4: Sub-Saharan Africa
USA,2015,1,0,0,Latin America,Cluster 1: Latin America
ARG,2015,2,2,0,Western Asia,Cluster 2: Western Asia
AND,2015,2,2,12,Western Asia,Cluster 2: Western Asia
BEL,2015,2,2,0,Western Asia,Cluster 2: Western Asia
CHL,2015,2,2,0,Western Asia,Cluster 2: Western Asia
DEU,2015,5,1,0,South Asia,Cluster 5: South Asia
ESP,2015,2,2,0,Western Asia,Cluster 2: Western Asia
FRA,2015,2,2,0,Western Asia,Cluster 2: Western Asia
GBR,2015,0,4,0,Western Asia,Cluster 0: Western Asia
MAR,2015,2,2,0,Western Asia,Cluster 2: Western Asia
NLD,2015,2,2,0,Western Asia,Cluster 2: Western Asia
PHL,2015,1,0,0,Latin America,Cluster 1: Latin America
URY,2015,2,2,0,Western Asia,Cluster 2: Western Asia
ARE,2015,0,4,0,Western Asia,Cluster 0: Western Asia
BGD,2015,0,4,0,Western Asia,Cluster 0: Western Asia
BHR,2015,0,4,0,Western Asia,Cluster 0: Western Asia
EGY,2015,0,4,0,Western Asia,Cluster 0: Western Asia
ERI,2015,4,5,13,Sub-Saharan Africa,Cluster 4: Sub-Saharan Africa
ETH,2015,3,3,0,Sub-Saharan Africa,Cluster 3: Sub-Saharan Africa
IDN,2015,0,4,0,Western Asia,Cluster 0: Western Asia
IND,2015,0,4,0,Western Asia,Cluster 0: Western Asia
JOR,2015,4,5,0,Sub-Saharan Africa,Cluster 4: Sub-Saharan Africa
KWT,2015,0,4,0,Western Asia,Cluster 0: Western Asia
LBN,2015,4,5,0,Sub-Saharan Africa,Cluster 4: Sub-Saharan Africa
LKA,2015,0,4,0,Western Asia,Cluster 0: Western Asia
NGA,2015,7,6,0,Eastern Europe,Cluster 7: Eastern Europe
NPL,2015,0,4,0,Western Asia,Cluster 0: Western Asia
PSE,2015,4,5,0,Sub-Saharan Africa,Cluster 4: Sub-Saharan Africa
QAT,2015,0,4,0,Western Asia,Cluster 0: Western Asia
SAU,2015,0,4,0,Western Asia,Cluster 0: Western Asia
SOM,2015,3,3,0,Sub-Saharan Africa,Cluster 3: Sub-Saharan Africa
SYR,2015,4,5,0,Sub-Saharan Africa,Cluster 4: Sub-Saharan Africa
THA,2015,1,0,0,Latin America,Cluster 1: Latin America
TUN,2015,2,2,0,Western Asia,Cluster 2: Western Asia
YEM,2015,0,4,0,Western Asia,Cluster 0: Western Asia
ARM,2015,5,1,14,South Asia,Cluster 5: South Asia
AUS,2015,6,7,0,Unknown,Cluster 6: Unknown
AUT,2015,5,1,0,South Asia,Cluster 5: South Asia
BGR,2015,4,5,0,Sub-Saharan Africa,Cluster 4: Sub-Saharan Africa
BOL,2015,2,2,0,Western Asia,Cluster 2: Western Asia
BRA,2015,2,2,0,Western Asia,Cluster 2: Western Asia
CHE,2015,5,1,0,South Asia,Cluster 5: South Asia
CHN,2015,1,0,0,Latin America,Cluster 1: Latin America
COL,2015,1,2,0,Latin America,Cluster 1: Latin America
CRI,2015,1,0,0,Latin America,Cluster 1: Latin America
CUB,2015,1,0,0,Latin America,Cluster 1: Latin America
CYP,2015,5,1,15,South Asia,Cluster 5: South Asia
CZE,2015,5,1,0,South Asia,Cluster 5: South Asia
DNK,2015,4,5,16,Sub-Saharan Africa,Cluster 4: Sub-Saharan Africa
DOM,2015,1,0,0,Latin America,Cluster 1: Latin America
DZA,2015,2,2,0,Western Asia,Cluster 2: Western Asia
ECU,2015,2,2,0,Western Asia,Cluster 2: Western Asia
EST,2015,5,1,0,South Asia,Cluster 5: South Asia
GTM,2015,1,0,0,Latin America,Cluster 1: Latin America
HND,2015,1,0,0,Latin America,Cluster 1: Latin America
HRV,2015,5,1,0,South Asia,Cluster 5: South Asia
HTI,2015,1,0,0,Latin America,Cluster 1: Latin America
HUN,2015,5,1,0,South Asia,Cluster 5: South Asia
IRL,2015,0,4,0,Western Asia,Cluster 0: Western Asia
IRN,2015,0,4,0,Western Asia,Cluster 0: Western Asia
ISR,2015,5,1,0,South Asia,Cluster 5: South Asia
JPN,2015,1,0,0,Latin America,Cluster 1: Latin America
KOR,2015,1,0,0,Latin America,Cluster 1: Latin America
LAO,2015,1,0,0,Latin America,Cluster 1: Latin America
LTU,2015,0,4,0,Western Asia,Cluster 0: Western Asia
MEX,2015,1,0,0,Latin America,Cluster 1: Latin America
MNE,2015,5,1,17,South Asia,Cluster 5: South Asia
NIC,2015,1,0,0,Latin America,Cluster 1: Latin America
NOR,2015,4,5,18,Sub-Saharan Africa,Cluster 4: Sub-Saharan Africa
NZL,2015,6,7,0,Unknown,Cluster 6: Unknown
PAN,2015,1,0,0,Latin America,Cluster 1: Latin America
PER,2015,2,2,0,Western Asia,Cluster 2: Western Asia
POL,2015,5,1,0,South Asia,Cluster 5: South Asia
PRK,2015,1,0,19,Latin America,Cluster 1: Latin America
PRY,2015,2,2,0,Western Asia,Cluster 2: Western Asia
ROU,2015,5,1,0,South Asia,Cluster 5: South Asia
RUS,2015,5,1,0,South Asia,Cluster 5: South Asia
SEN,2015,2,2,0,Western Asia,Cluster 2: Western Asia
SLV,2015,1,0,0,Latin America,Cluster 1: Latin America
SRB,2015,5,1,0,South Asia,Cluster 5: South Asia
SVK,2015,5,1,0,South Asia,Cluster 5: South Asia
SVN,2015,5,1,20,South Asia,Cluster 5: South Asia
SWE,2015,4,5,0,Sub-Saharan Africa,Cluster 4: Sub-Saharan Africa
UKR,2015,5,1,0,South Asia,Cluster 5: South Asia
AZE,2015,5,1,0,South Asia,Cluster 5: South Asia
GEO,2015,5,1,0,South Asia,Cluster 5: South Asia
IRQ,2015,4,5,0,Sub-Saharan Africa,Cluster 4: Sub-Saharan Africa
KAZ,2015,5,1,0,South Asia,Cluster 5: South Asia
TKM,2015,5,1,0,South Asia,Cluster 5: South Asia
ASM,2015,6,7,21,Unknown,Cluster 6: Unknown
FJI,2015,6,7,22,Unknown,Cluster 6: Unknown
TON,2015,6,7,23,Unknown,Cluster 6: Unknown
VNM,2015,1,0,0,Latin America,Cluster 1: Latin America
WSM,2015,6,7,24,Unknown,Cluster 6: Unknown
ATG,2015,1,0,25,Latin America,Cluster 1: Latin America
BHS,2015,1,0,26,Latin America,Cluster 1: Latin America
BLZ,2015,1,0,27,Latin America,Cluster 1: Latin America
BRB,2015,1,0,28,Latin America,Cluster 1: Latin America
DMA,2015,1,0,29,Latin America,Cluster 1: Latin America
GHA,2015,7,6,0,Eastern Europe,Cluster 7: Eastern Europe
GRD,2015,1,0,30,Latin America,Cluster 1: Latin America
GUY,2015,1,0,0,Latin America,Cluster 1: Latin America
JAM,2015,1,0,0,Latin America,Cluster 1: Latin America
KNA,2015,1,0,31,Latin America,Cluster 1: Latin America
LCA,2015,1,0,32,Latin America,Cluster 1: Latin America
SUR,2015,2,2,0,Western Asia,Cluster 2: Western Asia
TTO,2015,1,0,0,Latin America,Cluster 1: Latin America
VCT,2015,1,0,33,Latin America,Cluster 1: Latin America
BDI,2015,3,3,1,Sub-Saharan Africa,Cluster 3: Sub-Saharan Africa
BEN,2015,7,6,0,Eastern Europe,Cluster 7: Eastern Europe
BFA,2015,7,6,34,Eastern Europe,Cluster 7: Eastern Europe
BIH,2015,5,1,0,South Asia,Cluster 5: South Asia
BLR,2015,5,1,0,South Asia,Cluster 5: South Asia
BRN,2015,0,4,35,Western Asia,Cluster 0: Western Asia
BTN,2015,0,4,36,Western Asia,Cluster 0: Western Asia
BWA,2015,3,3,37,Sub-Saharan Africa,Cluster 3: Sub-Saharan Africa
CAF,2015,3,3,1,Sub-Saharan Africa,Cluster 3: Sub-Saharan Africa
CMR,2015,3,3,1,Sub-Saharan Africa,Cluster 3: Sub-Saharan Africa
DJI,2015,3,3,38,Sub-Saharan Africa,Cluster 3: Sub-Saharan Africa
FIN,2015,4,5,0,Sub-Saharan Africa,Cluster 4: Sub-Saharan Africa
GAB,2015,7,6,39,Eastern Europe,Cluster 7: Eastern Europe
GMB,2015,7,6,40,Eastern Europe,Cluster 7: Eastern Europe
KEN,2015,3,3,0,Sub-Saharan Africa,Cluster 3: Sub-Saharan Africa
KGZ,2015,5,1,0,South Asia,Cluster 5: South Asia
KHM,2015,1,0,0,Latin America,Cluster 1: Latin America
KIR,2015,6,7,41,Unknown,Cluster 6: Unknown
LBR,2015,7,6,42,Eastern Europe,Cluster 7: Eastern Europe
LBY,2015,4,5,0,Sub-Saharan Africa,Cluster 4: Sub-Saharan Africa
LSO,2015,3,3,0,Sub-Saharan Africa,Cluster 3: Sub-Saharan Africa
LUX,2015,2,2,43,Western Asia,Cluster 2: Western Asia
LVA,2015,5,1,44,South Asia,Cluster 5: South Asia
MDA,2015,5,1,0,South Asia,Cluster 5: South Asia
MDG,2015,2,2,0,Western Asia,Cluster 2: Western Asia
MDV,2015,0,4,45,Western Asia,Cluster 0: Western Asia
MLI,2015,7,6,0,Eastern Europe,Cluster 7: Eastern Europe
MLT,2015,6,7,46,Unknown,Cluster 6: Unknown
MNG,2015,5,1,47,South Asia,Cluster 5: South Asia
MUS,2015,2,2,48,Western Asia,Cluster 2: Western Asia
MWI,2015,3,3,49,Sub-Saharan Africa,Cluster 3: Sub-Saharan Africa
MYS,2015,0,4,0,Western Asia,Cluster 0: Western Asia
OMN,2015,0,4,0,Western Asia,Cluster 0: Western Asia
PNG,2015,6,7,50,Unknown,Cluster 6: Unknown
SLB,2015,6,7,51,Unknown,Cluster 6: Unknown
SLE,2015,7,6,52,Eastern Europe,Cluster 7: Eastern Europe
SWZ,2015,3,3,53,Sub-Saharan Africa,Cluster 3: Sub-Saharan Africa
TGO,2015,7,6,0,Eastern Europe,Cluster 7: Eastern Europe
TLS,2015,0,4,54,Western Asia,Cluster 0: Western Asia
TZA,2015,3,3,55,Sub-Saharan Africa,Cluster 3: Sub-Saharan Africa
UGA,2015,3,3,0,Sub-Saharan Africa,Cluster 3: Sub-Saharan Africa
VUT,2015,6,7,56,Unknown,Cluster 6: Unknown
ZWE,2015,3,3,0,Sub-Saharan Africa,Cluster 3: Sub-Saharan Africa
MRT,2015,2,2,57,Western Asia,Cluster 2: Western Asia
NER,2015,7,6,58,Eastern Europe,Cluster 7: Eastern Europe
GNQ,2015,7,6,59,Eastern Europe,Cluster 7: Eastern Europe
COM,2015,2,2,0,Western Asia,Cluster 2: Western Asia
FSM,2015,1,0,60,Latin America,Cluster 1: Latin America
MHL,2015,1,0,61,Latin America,Cluster 1: Latin America
PLW,2015,1,0,62,Latin America,Cluster 1: Latin America
PAK,2020,1,3,0,Latin America,Cluster 1: Latin America
AFG,2020,1,3,0,Latin America,Cluster 1: Latin America
TJK,2020,2,0,0,Western Asia,Cluster 2: Western Asia
UZB,2020,2,0,0,Western Asia,Cluster 2: Western Asia
COD,2020,4,4,1,Sub-Saharan Africa,Cluster 4: Sub-Saharan Africa
AGO,2020,4,4,1,Sub-Saharan Africa,Cluster 4: Sub-Saharan Africa
COG,2020,4,4,2,Sub-Saharan Africa,Cluster 4: Sub-Saharan Africa
CPV,2020,4,4,3,Sub-Saharan Africa,Cluster 4: Sub-Saharan Africa
GIN,2020,4,7,4,Sub-Saharan Africa,Cluster 4: Sub-Saharan Africa
MOZ,2020,4,4,5,Sub-Saharan Africa,Cluster 4: Sub-Saharan Africa
NAM,2020,4,4,6,Sub-Saharan Africa,Cluster 4: Sub-Saharan Africa
PRT,2020,0,2,0,Western Asia,Cluster 0: Western Asia
RWA,2020,4,4,1,Sub-Saharan Africa,Cluster 4: Sub-Saharan Africa
STP,2020,0,2,7,Western Asia,Cluster 0: Western Asia
TCD,2020,4,4,8,Sub-Saharan Africa,Cluster 4: Sub-Saharan Africa
ZAF,2020,4,4,0,Sub-Saharan Africa,Cluster 4: Sub-Saharan Africa
ZMB,2020,4,4,9,Sub-Saharan Africa,Cluster 4: Sub-Saharan Africa
CAN,2020,1,3,0,Latin America,Cluster 1: Latin America
ALB,2020,0,2,10,Western Asia,Cluster 0: Western Asia
GRC,2020,2,0,0,Western Asia,Cluster 2: Western Asia
ITA,2020,2,0,0,Western Asia,Cluster 2: Western Asia
MKD,2020,2,0,11,Western Asia,Cluster 2: Western Asia
TUR,2020,3,5,0,Sub-Saharan Africa,Cluster 3: Sub-Saharan Africa
USA,2020,5,1,0,South Asia,Cluster 5: South Asia
ARG,2020,0,2,0,Western Asia,Cluster 0: Western Asia
AND,2020,0,2,12,Western Asia,Cluster 0: Western Asia
BEL,2020,0,2,0,Western Asia,Cluster 0: Western Asia
CHL,2020,0,2,0,Western Asia,Cluster 0: Western Asia
DEU,2020,2,0,0,Western Asia,Cluster 2: Western Asia
ESP,2020,0,2,0,Western Asia,Cluster 0: Western Asia
FRA,2020,0,2,0,Western Asia,Cluster 0: Western Asia
GBR,2020,1,3,0,Latin America,Cluster 1: Latin America
MAR,2020,0,2,0,Western Asia,Cluster 0: Western Asia
NLD,2020,2,2,0,Western Asia,Cluster 2: Western Asia
PHL,2020,5,1,0,South Asia,Cluster 5: South Asia
URY,2020,0,2,13,Western Asia,Cluster 0: Western Asia
ARE,2020,1,3,0,Latin America,Cluster 1: Latin America
BGD,2020,1,3,0,Latin America,Cluster 1: Latin America
BHR,2020,1,3,0,Latin America,Cluster 1: Latin America
EGY,2020,1,3,0,Latin America,Cluster 1: Latin America
ERI,2020,3,5,14,Sub-Saharan Africa,Cluster 3: Sub-Saharan Africa
ETH,2020,3,4,0,Sub-Saharan Africa,Cluster 3: Sub-Saharan Africa
IDN,2020,1,3,0,Latin America,Cluster 1: Latin America
IND,2020,1,3,0,Latin America,Cluster 1: Latin America
JOR,2020,3,5,0,Sub-Saharan Africa,Cluster 3: Sub-Saharan Africa
KWT,2020,1,3,0,Latin America,Cluster 1: Latin America
LBN,2020,3,5,0,Sub-Saharan Africa,Cluster 3: Sub-Saharan Africa
LKA,2020,1,3,0,Latin America,Cluster 1: Latin America
NGA,2020,4,7,0,Sub-Saharan Africa,Cluster 4: Sub-Saharan Africa
NPL,2020,1,3,0,Latin America,Cluster 1: Latin America
PSE,2020,3,5,0,Sub-Saharan Africa,Cluster 3: Sub-Saharan Africa
QAT,2020,1,3,0,Latin America,Cluster 1: Latin America
SAU,2020,3,5,0,Sub-Saharan Africa,Cluster 3: Sub-Saharan Africa
SOM,2020,3,4,0,Sub-Saharan Africa,Cluster 3: Sub-Saharan Africa
SYR,2020,3,5,0,Sub-Saharan Africa,Cluster 3: Sub-Saharan Africa
THA,2020,5,6,0,South Asia,Cluster 5: South Asia
TUN,2020,0,2,0,Western Asia,Cluster 0: Western Asia
YEM,2020,3,5,0,Sub-Saharan Africa,Cluster 3: Sub-Saharan Africa
ARM,2020,2,0,15,Western Asia,Cluster 2: Western Asia
AUS,2020,5,6,0,South Asia,Cluster 5: South Asia
AUT,2020,2,0,0,Western Asia,Cluster 2: Western Asia
BGR,2020,3,0,0,Sub-Saharan Africa,Cluster 3: Sub-Saharan Africa
BOL,2020,0,2,0,Western Asia,Cluster 0: Western Asia
BRA,2020,5,2,0,South Asia,Cluster 5: South Asia
CHE,2020,2,0,0,Western Asia,Cluster 2: Western Asia
CHN,2020,5,1,0,South Asia,Cluster 5: South Asia
COL,2020,0,1,0,Western Asia,Cluster 0: Western Asia
CRI,2020,5,1,0,South Asia,Cluster 5: South Asia
CUB,2020,5,1,0,South Asia,Cluster 5: South Asia
CYP,2020,2,0,16,Western Asia,Cluster 2: Western Asia
CZE,2020,2,0,0,Western Asia,Cluster 2: Western Asia
DNK,2020,3,5,17,Sub-Saharan Africa,Cluster 3: Sub-Saharan Africa
DOM,2020,5,1,0,South Asia,Cluster 5: South Asia
DZA,2020,0,2,0,Western Asia,Cluster 0: Western Asia
ECU,2020,0,2,0,Western Asia,Cluster 0: Western Asia
EST,2020,2,0,0,Western Asia,Cluster 2: Western Asia
GTM,2020,5,1,0,South Asia,Cluster 5: South Asia
HND,2020,5,1,0,South Asia,Cluster 5: South Asia
HRV,2020,2,0,0,Western Asia,Cluster 2: Western Asia
HTI,2020,5,1,0,South Asia,Cluster 5: South Asia
HUN,2020,2,0,0,Western Asia,Cluster 2: Western Asia
IRL,2020,1,3,0,Latin America,Cluster 1: Latin America
IRN,2020,1,3,0,Latin America,Cluster 1: Latin America
ISR,2020,2,0,0,Western Asia,Cluster 2: Western Asia
JPN,2020,5,1,0,South Asia,Cluster 5: South Asia
KOR,2020,5,1,0,South Asia,Cluster 5: South Asia
LAO,2020,5,6,0,South Asia,Cluster 5: South Asia
LTU,2020,1,3,0,Latin America,Cluster 1: Latin America
MEX,2020,5,1,0,South Asia,Cluster 5: South Asia
MNE,2020,2,0,18,Western Asia,Cluster 2: Western Asia
NIC,2020,5,1,0,South Asia,Cluster 5: South Asia
NOR,2020,3,5,19,Sub-Saharan Africa,Cluster 3: Sub-Saharan Africa
NZL,2020,5,6,0,South Asia,Cluster 5: South Asia
PAN,2020,5,1,0,South Asia,Cluster 5: South Asia
PER,2020,0,2,0,Western Asia,Cluster 0: Western Asia
POL,2020,2,0,0,Western Asia,Cluster 2: Western Asia
PRK,2020,5,1,20,South Asia,Cluster 5: South Asia
PRY,2020,0,2,0,Western Asia,Cluster 0: Western Asia
ROU,2020,2,0,0,Western Asia,Cluster 2: Western Asia
RUS,2020,2,0,0,Western Asia,Cluster 2: Western Asia
SEN,2020,0,2,0,Western Asia,Cluster 0: Western Asia
SLV,2020,5,1,0,South Asia,Cluster 5: South Asia
SRB,2020,2,0,0,Western Asia,Cluster 2: Western Asia
SVK,2020,2,0,0,Western Asia,Cluster 2: Western Asia
SVN,2020,2,0,21,Western Asia,Cluster 2: Western Asia
SWE,2020,3,5,0,Sub-Saharan Africa,Cluster 3: Sub-Saharan Africa
UKR,2020,2,0,0,Western Asia,Cluster 2: Western Asia
AZE,2020,2,0,0,Western Asia,Cluster 2: Western Asia
GEO,2020,2,0,0,Western Asia,Cluster 2: Western Asia
IRQ,2020,3,5,0,Sub-Saharan Africa,Cluster 3: Sub-Saharan Africa
KAZ,2020,2,0,0,Western Asia,Cluster 2: Western Asia
TKM,2020,2,0,0,Western Asia,Cluster 2: Western Asia
ASM,2020,5,6,22,South Asia,Cluster 5: South Asia
FJI,2020,5,6,23,South Asia,Cluster 5: South Asia
TON,2020,5,6,24,South Asia,Cluster 5: South Asia
VNM,2020,5,1,0,South Asia,Cluster 5: South Asia
WSM,2020,5,6,25,South Asia,Cluster 5: South Asia
ATG,2020,5,1,26,South Asia,Cluster 5: South Asia
BLZ,2020,5,1,27,South Asia,Cluster 5: South Asia
BRB,2020,1,3,28,Latin America,Cluster 1: Latin America
DMA,2020,5,1,29,South Asia,Cluster 5: South Asia
GHA,2020,4,7,0,Sub-Saharan Africa,Cluster 4: Sub-Saharan Africa
GRD,2020,1,3,30,Latin America,Cluster 1: Latin America
GUY,2020,5,1,0,South Asia,Cluster 5: South Asia
JAM,2020,5,1,0,South Asia,Cluster 5: South Asia
KNA,2020,5,2,31,South Asia,Cluster 5: South Asia
LCA,2020,1,3,32,Latin America,Cluster 1: Latin America
SUR,2020,2,2,0,Western Asia,Cluster 2: Western Asia
TTO,2020,5,1,0,South Asia,Cluster 5: South Asia
VCT,2020,1,3,33,Latin America,Cluster 1: Latin America
BDI,2020,4,4,1,Sub-Saharan Africa,Cluster 4: Sub-Saharan Africa
BEN,2020,4,7,0,Sub-Saharan Africa,Cluster 4: Sub-Saharan Africa
BFA,2020,4,7,34,Sub-Saharan Africa,Cluster 4: Sub-Saharan Africa
BHS,2020,5,1,35,South Asia,Cluster 5: South Asia
BIH,2020,2,0,0,Western Asia,Cluster 2: Western Asia
BLR,2020,2,0,0,Western Asia,Cluster 2: Western Asia
BRN,2020,1,3,36,Latin America,Cluster 1: Latin America
BTN,2020,1,3,37,Latin America,Cluster 1: Latin America
BWA,2020,4,4,38,Sub-Saharan Africa,Cluster 4: Sub-Saharan Africa
CAF,2020,4,4,1,Sub-Saharan Africa,Cluster 4: Sub-Saharan Africa
CMR,2020,4,4,1,Sub-Saharan Africa,Cluster 4: Sub-Saharan Africa
DJI,2020,3,4,39,Sub-Saharan Africa,Cluster 3: Sub-Saharan Africa
FIN,2020,3,5,0,Sub-Saharan Africa,Cluster 3: Sub-Saharan Africa
GAB,2020,4,7,40,Sub-Saharan Africa,Cluster 4: Sub-Saharan Africa
GMB,2020,4,7,41,Sub-Saharan Africa,Cluster 4: Sub-Saharan Africa
KEN,2020,3,4,0,Sub-Saharan Africa,Cluster 3: Sub-Saharan Africa
KGZ,2020,2,0,0,Western Asia,Cluster 2: Western Asia
KHM,2020,5,6,0,South Asia,Cluster 5: South Asia
KIR,2020,5,6,42,South Asia,Cluster 5: South Asia
LBR,2020,4,7,43,Sub-Saharan Africa,Cluster 4: Sub-Saharan Africa
LBY,2020,3,5,0,Sub-Saharan Africa,Cluster 3: Sub-Saharan Africa
LSO,2020,4,4,0,Sub-Saharan Africa,Cluster 4: Sub-Saharan Africa
LUX,2020,0,2,44,Western Asia,Cluster 0: Western Asia
LVA,2020,2,0,45,Western Asia,Cluster 2: Western Asia
MDA,2020,2,0,0,Western Asia,Cluster 2: Western Asia
MDG,2020,0,2,0,Western Asia,Cluster 0: Western Asia
MDV,2020,1,3,46,Latin America,Cluster 1: Latin America
MLI,2020,4,7,0,Sub-Saharan Africa,Cluster 4: Sub-Saharan Africa
MLT,2020,5,6,47,South Asia,Cluster 5: South Asia
MNG,2020,2,0,48,Western Asia,Cluster 2: Western Asia
MUS,2020,0,2,49,Western Asia,Cluster 0: Western Asia
MWI,2020,4,4,50,Sub-Saharan Africa,Cluster 4: Sub-Saharan Africa
MYS,2020,1,3,0,Latin America,Cluster 1: Latin America
OMN,2020,1,3,0,Latin America,Cluster 1: Latin America
PNG,2020,5,6,51,South Asia,Cluster 5: South Asia
SLB,2020,5,6,52,South Asia,Cluster 5: South Asia
SLE,2020,4,7,53,Sub-Saharan Africa,Cluster 4: Sub-Saharan Africa
SWZ,2020,4,4,54,Sub-Saharan Africa,Cluster 4: Sub-Saharan Africa
TGO,2020,4,7,0,Sub-Saharan Africa,Cluster 4: Sub-Saharan Africa
TLS,2020,1,3,55,Latin America,Cluster 1: Latin America
TZA,2020,4,4,56,Sub-Saharan Africa,Cluster 4: Sub-Saharan Africa
UGA,2020,3,4,0,Sub-Saharan Africa,Cluster 3: Sub-Saharan Africa
VUT,2020,5,6,57,South Asia,Cluster 5: South Asia
ZWE,2020,4,4,0,Sub-Saharan Africa,Cluster 4: Sub-Saharan Africa
MRT,2020,0,2,58,Western Asia,Cluster 0: Western Asia
NER,2020,4,7,59,Sub-Saharan Africa,Cluster 4: Sub-Saharan Africa
GNQ,2020,4,7,60,Sub-Saharan Africa,Cluster 4: Sub-Saharan Africa
COM,2020,0,2,0,Western Asia,Cluster 0: Western Asia
FSM,2020,5,1,61,South Asia,Cluster 5: South Asia
MHL,2020,5,1,62,South Asia,Cluster 5: South Asia
PLW,2020,5,1,63,South Asia,Cluster 5: South Asia
PAK,2025,5,4,0,South Asia,Cluster 5: South Asia
AFG,2025,0,3,0,Western Asia,Cluster 0: Western Asia
TJK,2025,2,5,0,Western Asia,Cluster 2: Western Asia
UZB,2025,2,5,0,Western Asia,Cluster 2: Western Asia
COD,2025,3,1,1,Sub-Saharan Africa,Cluster 3: Sub-Saharan Africa
AGO,2025,3,1,1,Sub-Saharan Africa,Cluster 3: Sub-Saharan Africa
COG,2025,3,1,2,Sub-Saharan Africa,Cluster 3: Sub-Saharan Africa
CPV,2025,3,1,3,Sub-Saharan Africa,Cluster 3: Sub-Saharan Africa
GIN,2025,3,1,4,Sub-Saharan Africa,Cluster 3: Sub-Saharan Africa
MOZ,2025,3,1,5,Sub-Saharan Africa,Cluster 3: Sub-Saharan Africa
NAM,2025,3,1,6,Sub-Saharan Africa,Cluster 3: Sub-Saharan Africa
PRT,2025,1,2,0,Latin America,Cluster 1: Latin America
RWA,2025,3,1,1,Sub-Saharan Africa,Cluster 3: Sub-Saharan Africa
STP,2025,1,2,7,Latin America,Cluster 1: Latin America
TCD,2025,3,1,8,Sub-Saharan Africa,Cluster 3: Sub-Saharan Africa
ZAF,2025,3,1,9,Sub-Saharan Africa,Cluster 3: Sub-Saharan Africa
ZMB,2025,3,1,10,Sub-Saharan Africa,Cluster 3: Sub-Saharan Africa
CAN,2025,5,4,0,South Asia,Cluster 5: South Asia
ALB,2025,7,2,11,Eastern Europe,Cluster 7: Eastern Europe
GRC,2025,0,3,0,Western Asia,Cluster 0: Western Asia
ITA,2025,7,2,0,Eastern Europe,Cluster 7: Eastern Europe
MKD,2025,7,3,12,Eastern Europe,Cluster 7: Eastern Europe
TUR,2025,0,3,0,Western Asia,Cluster 0: Western Asia
USA,2025,6,0,0,Unknown,Cluster 6: Unknown
ARG,2025,1,2,0,Latin America,Cluster 1: Latin America
AND,2025,1,2,13,Latin America,Cluster 1: Latin America
BEL,2025,7,2,0,Eastern Europe,Cluster 7: Eastern Europe
CHL,2025,1,2,0,Latin America,Cluster 1: Latin America
DEU,2025,7,3,0,Eastern Europe,Cluster 7: Eastern Europe
ESP,2025,1,2,0,Latin America,Cluster 1: Latin America
FRA,2025,7,2,0,Eastern Europe,Cluster 7: Eastern Europe
GBR,2025,5,4,0,South Asia,Cluster 5: South Asia
MAR,2025,7,2,0,Eastern Europe,Cluster 7: Eastern Europe
NLD,2025,7,3,0,Eastern Europe,Cluster 7: Eastern Europe
PHL,2025,6,0,0,Unknown,Cluster 6: Unknown
URY,2025,1,2,14,Latin America,Cluster 1: Latin America
ARE,2025,5,4,0,South Asia,Cluster 5: South Asia
BGD,2025,5,4,0,South Asia,Cluster 5: South Asia
BHR,2025,5,4,0,South Asia,Cluster 5: South Asia
EGY,2025,2,5,0,Western Asia,Cluster 2: Western Asia
ERI,2025,0,3,15,Western Asia,Cluster 0: Western Asia
ETH,2025,4,6,0,Sub-Saharan Africa,Cluster 4: Sub-Saharan Africa
IDN,2025,5,4,0,South Asia,Cluster 5: South Asia
IND,2025,5,4,0,South Asia,Cluster 5: South Asia
JOR,2025,2,5,0,Western Asia,Cluster 2: Western Asia
KWT,2025,5,4,0,South Asia,Cluster 5: South Asia
LBN,2025,2,5,0,Western Asia,Cluster 2: Western Asia
LKA,2025,5,4,0,South Asia,Cluster 5: South Asia
NGA,2025,3,1,0,Sub-Saharan Africa,Cluster 3: Sub-Saharan Africa
NPL,2025,5,4,0,South Asia,Cluster 5: South Asia
PSE,2025,2,5,0,Western Asia,Cluster 2: Western Asia
QAT,2025,5,4,0,South Asia,Cluster 5: South Asia
SAU,2025,4,6,0,Sub-Saharan Africa,Cluster 4: Sub-Saharan Africa
SOM,2025,4,6,0,Sub-Saharan Africa,Cluster 4: Sub-Saharan Africa
SYR,2025,0,3,0,Western Asia,Cluster 0: Western Asia
THA,2025,6,0,0,Unknown,Cluster 6: Unknown
TUN,2025,7,2,0,Eastern Europe,Cluster 7: Eastern Europe
YEM,2025,4,6,0,Sub-Saharan Africa,Cluster 4: Sub-Saharan Africa
ARM,2025,2,5,16,Western Asia,Cluster 2: Western Asia
AUS,2025,6,0,0,Unknown,Cluster 6: Unknown
AUT,2025,7,3,0,Eastern Europe,Cluster 7: Eastern Europe
BGR,2025,7,3,0,Eastern Europe,Cluster 7: Eastern Europe
BOL,2025,1,2,0,Latin America,Cluster 1: Latin America
BRA,2025,1,2,0,Latin America,Cluster 1: Latin America
CHE,2025,7,3,0,Eastern Europe,Cluster 7: Eastern Europe
CHN,2025,6,0,0,Unknown,Cluster 6: Unknown
COL,2025,1,2,0,Latin America,Cluster 1: Latin America
CRI,2025,1,2,0,Latin America,Cluster 1: Latin America
CUB,2025,6,0,0,Unknown,Cluster 6: Unknown
CYP,2025,3,1,17,Sub-Saharan Africa,Cluster 3: Sub-Saharan Africa
CZE,2025,7,3,0,Eastern Europe,Cluster 7: Eastern Europe
DNK,2025,0,3,18,Western Asia,Cluster 0: Western Asia
DOM,2025,6,0,0,Unknown,Cluster 6: Unknown
DZA,2025,7,2,0,Eastern Europe,Cluster 7: Eastern Europe
ECU,2025,1,2,0,Latin America,Cluster 1: Latin America
EST,2025,2,5,19,Western Asia,Cluster 2: Western Asia
GTM,2025,6,0,0,Unknown,Cluster 6: Unknown
HND,2025,6,0,0,Unknown,Cluster 6: Unknown
HRV,2025,7,3,0,Eastern Europe,Cluster 7: Eastern Europe
HTI,2025,1,2,0,Latin America,Cluster 1: Latin America
HUN,2025,7,3,0,Eastern Europe,Cluster 7: Eastern Europe
IRL,2025,5,4,0,South Asia,Cluster 5: South Asia
IRN,2025,0,3,0,Western Asia,Cluster 0: Western Asia
ISR,2025,7,5,0,Eastern Europe,Cluster 7: Eastern Europe
JPN,2025,6,0,0,Unknown,Cluster 6: Unknown
KOR,2025,6,0,0,Unknown,Cluster 6: Unknown
LAO,2025,6,0,0,Unknown,Cluster 6: Unknown
LTU,2025,5,4,0,South Asia,Cluster 5: South Asia
MEX,2025,6,0,0,Unknown,Cluster 6: Unknown
MNE,2025,7,3,20,Eastern Europe,Cluster 7: Eastern Europe
NIC,2025,1,2,0,Latin America,Cluster 1: Latin America
NOR,2025,0,3,21,Western Asia,Cluster 0: Western Asia
NZL,2025,6,0,0,Unknown,Cluster 6: Unknown
PAN,2025,6,0,0,Unknown,Cluster 6: Unknown
PER,2025,1,2,0,Latin America,Cluster 1: Latin America
POL,2025,7,3,0,Eastern Europe,Cluster 7: Eastern Europe
PRK,2025,6,0,22,Unknown,Cluster 6: Unknown
PRY,2025,1,2,0,Latin America,Cluster 1: Latin America
ROU,2025,7,2,0,Eastern Europe,Cluster 7: Eastern Europe
RUS,2025,2,5,0,Western Asia,Cluster 2: Western Asia
SEN,2025,7,2,0,Eastern Europe,Cluster 7: Eastern Europe
SLV,2025,6,0,0,Unknown,Cluster 6: Unknown
SRB,2025,7,3,0,Eastern Europe,Cluster 7: Eastern Europe
SVK,2025,7,3,0,Eastern Europe,Cluster 7: Eastern Europe
SVN,2025,7,3,23,Eastern Europe,Cluster 7: Eastern Europe
SWE,2025,0,3,0,Western Asia,Cluster 0: Western Asia
UKR,2025,2,5,0,Western Asia,Cluster 2: Western Asia
AZE,2025,2,5,0,Western Asia,Cluster 2: Western Asia
GEO,2025,2,5,24,Western Asia,Cluster 2: Western Asia
IRQ,2025,0,3,0,Western Asia,Cluster 0: Western Asia
KAZ,2025,2,5,0,Western Asia,Cluster 2: Western Asia
TKM,2025,0,3,0,Western Asia,Cluster 0: Western Asia
ASM,2025,6,0,25,Unknown,Cluster 6: Unknown
FJI,2025,6,0,26,Unknown,Cluster 6: Unknown
TON,2025,6,0,27,Unknown,Cluster 6: Unknown
VNM,2025,6,0,0,Unknown,Cluster 6: Unknown
WSM,2025,6,0,28,Unknown,Cluster 6: Unknown
ATG,2025,6,0,29,Unknown,Cluster 6: Unknown
BLZ,2025,6,0,30,Unknown,Cluster 6: Unknown
BRB,2025,5,4,31,South Asia,Cluster 5: South Asia
DMA,2025,6,0,32,Unknown,Cluster 6: Unknown
GHA,2025,3,1,0,Sub-Saharan Africa,Cluster 3: Sub-Saharan Africa
GRD,2025,5,4,33,South Asia,Cluster 5: South Asia
GUY,2025,6,0,0,Unknown,Cluster 6: Unknown
JAM,2025,6,0,0,Unknown,Cluster 6: Unknown
KNA,2025,1,2,34,Latin America,Cluster 1: Latin America
LCA,2025,5,4,35,South Asia,Cluster 5: South Asia
SUR,2025,7,3,0,Eastern Europe,Cluster 7: Eastern Europe
TTO,2025,6,0,0,Unknown,Cluster 6: Unknown
VCT,2025,5,4,36,South Asia,Cluster 5: South Asia
BDI,2025,3,1,37,Sub-Saharan Africa,Cluster 3: Sub-Saharan Africa
BEN,2025,3,1,0,Sub-Saharan Africa,Cluster 3: Sub-Saharan Africa
BFA,2025,3,1,38,Sub-Saharan Africa,Cluster 3: Sub-Saharan Africa
BHS,2025,1,2,39,Latin America,Cluster 1: Latin America
BIH,2025,7,3,0,Eastern Europe,Cluster 7: Eastern Europe
BLR,2025,2,5,0,Western Asia,Cluster 2: Western Asia
BRN,2025,5,4,40,South Asia,Cluster 5: South Asia
BTN,2025,5,4,41,South Asia,Cluster 5: South Asia
BWA,2025,3,1,42,Sub-Saharan Africa,Cluster 3: Sub-Saharan Africa
CAF,2025,3,1,1,Sub-Saharan Africa,Cluster 3: Sub-Saharan Africa
CMR,2025,3,1,1,Sub-Saharan Africa,Cluster 3: Sub-Saharan Africa
DJI,2025,4,6,43,Sub-Saharan Africa,Cluster 4: Sub-Saharan Africa
FIN,2025,0,3,0,Western Asia,Cluster 0: Western Asia
GAB,2025,3,1,44,Sub-Saharan Africa,Cluster 3: Sub-Saharan Africa
GMB,2025,3,1,45,Sub-Saharan Africa,Cluster 3: Sub-Saharan Africa
KEN,2025,4,6,0,Sub-Saharan Africa,Cluster 4: Sub-Saharan Africa
KGZ,2025,2,5,0,Western Asia,Cluster 2: Western Asia
KHM,2025,6,0,0,Unknown,Cluster 6: Unknown
KIR,2025,6,0,46,Unknown,Cluster 6: Unknown
LBR,2025,3,1,47,Sub-Saharan Africa,Cluster 3: Sub-Saharan Africa
LBY,2025,2,5,0,Western Asia,Cluster 2: Western Asia
LSO,2025,3,1,9,Sub-Saharan Africa,Cluster 3: Sub-Saharan Africa
LUX,2025,7,2,48,Eastern Europe,Cluster 7: Eastern Europe
LVA,2025,2,5,49,Western Asia,Cluster 2: Western Asia
MDA,2025,7,2,0,Eastern Europe,Cluster 7: Eastern Europe
MDG,2025,7,2,0,Eastern Europe,Cluster 7: Eastern Europe
MDV,2025,5,4,50,South Asia,Cluster 5: South Asia
MLI,2025,3,1,0,Sub-Saharan Africa,Cluster 3: Sub-Saharan Africa
MLT,2025,5,4,51,South Asia,Cluster 5: South Asia
MNG,2025,2,0,52,Western Asia,Cluster 2: Western Asia
MUS,2025,7,2,53,Eastern Europe,Cluster 7: Eastern Europe
MWI,2025,3,1,9,Sub-Saharan Africa,Cluster 3: Sub-Saharan Africa
MYS,2025,5,4,0,South Asia,Cluster 5: South Asia
OMN,2025,5,4,0,South Asia,Cluster 5: South Asia
PNG,2025,6,0,54,Unknown,Cluster 6: Unknown
SLB,2025,6,0,55,Unknown,Cluster 6: Unknown
SLE,2025,3,1,56,Sub-Saharan Africa,Cluster 3: Sub-Saharan Africa
SWZ,2025,3,1,57,Sub-Saharan Africa,Cluster 3: Sub-Saharan Africa
TGO,2025,3,1,0,Sub-Saharan Africa,Cluster 3: Sub-Saharan Africa
TLS,2025,5,4,58,South Asia,Cluster 5: South Asia
TZA,2025,3,1,59,Sub-Saharan Africa,Cluster 3: Sub-Saharan Africa
UGA,2025,4,6,0,Sub-Saharan Africa,Cluster 4: Sub-Saharan Africa
VUT,2025,6,0,60,Unknown,Cluster 6: Unknown
ZWE,2025,3,1,9,Sub-Saharan Africa,Cluster 3: Sub-Saharan Africa
MRT,2025,7,2,61,Eastern Europe,Cluster 7: Eastern Europe
NER,2025,3,1,62,Sub-Saharan Africa,Cluster 3: Sub-Saharan Africa
GNQ,2025,3,1,63,Sub-Saharan Africa,Cluster 3: Sub-Saharan Africa
COM,2025,7,2,0,Eastern Europe,Cluster 7: Eastern Europe
FSM,2025,6,0,64,Unknown,Cluster 6: Unknown
MHL,2025,6,0,65,Unknown,Cluster 6: Unknown
PLW,2025,6,0,66,Unknown,Cluster 6: Unknown
